[{"id":"Project_node56genes_pos_.json","reports":[{"gID":["GO:0006955"],"Edge":["GO:0002376","GO:0050896"],"Name":["immune response"],"Sig":["red"],"Link":["results/pathway/hgsc/Project_node56genes_pos/Report_node56genes_pos.html#GO:0006955"],"gNum":["29"],"FDR":["1.3e-12"]},{"gID":["GO:0006952"],"Edge":["GO:0006950"],"Name":["defense response"],"Sig":["red"],"Link":["results/pathway/hgsc/Project_node56genes_pos/Report_node56genes_pos.html#GO:0006952"],"gNum":["29"],"FDR":["2.91e-12"]},{"gID":["GO:0002682"],"Edge":["GO:0002376","GO:0050789"],"Name":["regulation of immune system process"],"Sig":["red"],"Link":["results/pathway/hgsc/Project_node56genes_pos/Report_node56genes_pos.html#GO:0002682"],"gNum":["21"],"FDR":["8.01e-07"]},{"gID":["GO:0009607"],"Edge":["GO:0050896"],"Name":["response to biotic stimulus"],"Sig":["red"],"Link":["results/pathway/hgsc/Project_node56genes_pos/Report_node56genes_pos.html#GO:0009607"],"gNum":["16"],"FDR":["5.12e-06"]},{"gID":["GO:0045087"],"Edge":["GO:0006952","GO:0006955"],"Name":["innate immune response"],"Sig":["red"],"Link":["results/pathway/hgsc/Project_node56genes_pos/Report_node56genes_pos.html#GO:0045087"],"gNum":["15"],"FDR":["1.05e-05"]},{"gID":["GO:0002252"],"Edge":["GO:0002376"],"Name":["immune effector process"],"Sig":["red"],"Link":["results/pathway/hgsc/Project_node56genes_pos/Report_node56genes_pos.html#GO:0002252"],"gNum":["14"],"FDR":["1.05e-05"]},{"gID":["GO:0051707"],"Edge":["GO:0043207"],"Name":["response to other organism"],"Sig":["red"],"Link":["results/pathway/hgsc/Project_node56genes_pos/Report_node56genes_pos.html#GO:0051707"],"gNum":["15"],"FDR":["1.51e-05"]},{"gID":["GO:0043207"],"Edge":["GO:0009605","GO:0009607"],"Name":["response to external biotic stimulus"],"Sig":["red"],"Link":["results/pathway/hgsc/Project_node56genes_pos/Report_node56genes_pos.html#GO:0043207"],"gNum":["15"],"FDR":["1.51e-05"]},{"gID":["GO:0002684"],"Edge":["GO:0002376","GO:0002682","GO:0048518"],"Name":["positive regulation of immune system process"],"Sig":["red"],"Link":["results/pathway/hgsc/Project_node56genes_pos/Report_node56genes_pos.html#GO:0002684"],"gNum":["16"],"FDR":["1.97e-05"]},{"gID":["GO:0001775"],"Edge":["GO:0044763"],"Name":["cell activation"],"Sig":["red"],"Link":["results/pathway/hgsc/Project_node56genes_pos/Report_node56genes_pos.html#GO:0001775"],"gNum":["16"],"FDR":["2.88e-05"]},{"gID":["GO:0098542"],"Edge":["GO:0006952","GO:0051707"],"Name":["defense response to other organism"],"Sig":["red"],"Link":["results/pathway/hgsc/Project_node56genes_pos/Report_node56genes_pos.html#GO:0098542"],"gNum":["10"],"FDR":["1.63e-04"]},{"gID":["GO:0042110"],"Edge":["GO:0046649","GO:0070489"],"Name":["T cell activation"],"Sig":["red"],"Link":["results/pathway/hgsc/Project_node56genes_pos/Report_node56genes_pos.html#GO:0042110"],"gNum":["11"],"FDR":["1.93e-04"]},{"gID":["GO:0070489"],"Edge":["GO:0045321","GO:0071593"],"Name":["T cell aggregation"],"Sig":["red"],"Link":["results/pathway/hgsc/Project_node56genes_pos/Report_node56genes_pos.html#GO:0070489"],"gNum":["11"],"FDR":["1.93e-04"]},{"gID":["GO:0071593"],"Edge":["GO:0070486"],"Name":["lymphocyte aggregation"],"Sig":["red"],"Link":["results/pathway/hgsc/Project_node56genes_pos/Report_node56genes_pos.html#GO:0071593"],"gNum":["11"],"FDR":["1.93e-04"]},{"gID":["GO:0006954"],"Edge":["GO:0006952"],"Name":["inflammatory response"],"Sig":["red"],"Link":["results/pathway/hgsc/Project_node56genes_pos/Report_node56genes_pos.html#GO:0006954"],"gNum":["15"],"FDR":["2.05e-04"]},{"gID":["GO:0070486"],"Edge":["GO:0007159"],"Name":["leukocyte aggregation"],"Sig":["red"],"Link":["results/pathway/hgsc/Project_node56genes_pos/Report_node56genes_pos.html#GO:0070486"],"gNum":["11"],"FDR":["2.44e-04"]},{"gID":["GO:0046649"],"Edge":["GO:0045321"],"Name":["lymphocyte activation"],"Sig":["red"],"Link":["results/pathway/hgsc/Project_node56genes_pos/Report_node56genes_pos.html#GO:0046649"],"gNum":["12"],"FDR":["2.96e-04"]},{"gID":["GO:0045321"],"Edge":["GO:0001775","GO:0002376"],"Name":["leukocyte activation"],"Sig":["red"],"Link":["results/pathway/hgsc/Project_node56genes_pos/Report_node56genes_pos.html#GO:0045321"],"gNum":["13"],"FDR":["3.48e-04"]},{"gID":["GO:0002449"],"Edge":["GO:0002443"],"Name":["lymphocyte mediated immunity"],"Sig":["red"],"Link":["results/pathway/hgsc/Project_node56genes_pos/Report_node56genes_pos.html#GO:0002449"],"gNum":["8"],"FDR":["3.94e-04"]},{"gID":["GO:0007159"],"Edge":["GO:0016337"],"Name":["leukocyte cell-cell adhesion"],"Sig":["red"],"Link":["results/pathway/hgsc/Project_node56genes_pos/Report_node56genes_pos.html#GO:0007159"],"gNum":["11"],"FDR":["4.08e-04"]},{"gID":["GO:0002376"],"Edge":["GO:0008150"],"Name":["immune system process"],"Sig":["white"],"Link":[""],"gNum":[""],"FDR":[""]},{"gID":["GO:0050896"],"Edge":["GO:0008150"],"Name":["response to stimulus"],"Sig":["white"],"Link":[""],"gNum":[""],"FDR":[""]},{"gID":["GO:0006950"],"Edge":["GO:0050896"],"Name":["response to stress"],"Sig":["white"],"Link":[""],"gNum":[""],"FDR":[""]},{"gID":["GO:0050789"],"Edge":["GO:0008150","GO:0065007"],"Name":["regulation of biological process"],"Sig":["white"],"Link":[""],"gNum":[""],"FDR":[""]},{"gID":["GO:0006952"],"Edge":["GO:0006950"],"Name":["defense response"],"Sig":["red"],"Link":["results/pathway/hgsc/Project_node56genes_pos/Report_node56genes_pos.html#GO:0006952"],"gNum":["29"],"FDR":["2.91e-12"]},{"gID":["GO:0006955"],"Edge":["GO:0002376","GO:0050896"],"Name":["immune response"],"Sig":["red"],"Link":["results/pathway/hgsc/Project_node56genes_pos/Report_node56genes_pos.html#GO:0006955"],"gNum":["29"],"FDR":["1.3e-12"]},{"gID":["GO:0009605"],"Edge":["GO:0050896"],"Name":["response to external stimulus"],"Sig":["white"],"Link":[""],"gNum":[""],"FDR":[""]},{"gID":["GO:0009607"],"Edge":["GO:0050896"],"Name":["response to biotic stimulus"],"Sig":["red"],"Link":["results/pathway/hgsc/Project_node56genes_pos/Report_node56genes_pos.html#GO:0009607"],"gNum":["16"],"FDR":["5.12e-06"]},{"gID":["GO:0002682"],"Edge":["GO:0002376","GO:0050789"],"Name":["regulation of immune system process"],"Sig":["red"],"Link":["results/pathway/hgsc/Project_node56genes_pos/Report_node56genes_pos.html#GO:0002682"],"gNum":["21"],"FDR":["8.01e-07"]},{"gID":["GO:0048518"],"Edge":["GO:0008150","GO:0050789"],"Name":["positive regulation of biological process"],"Sig":["white"],"Link":[""],"gNum":[""],"FDR":[""]},{"gID":["GO:0044763"],"Edge":["GO:0009987","GO:0044699"],"Name":["single-organism cellular process"],"Sig":["white"],"Link":[""],"gNum":[""],"FDR":[""]},{"gID":["GO:0051707"],"Edge":["GO:0043207"],"Name":["response to other organism"],"Sig":["red"],"Link":["results/pathway/hgsc/Project_node56genes_pos/Report_node56genes_pos.html#GO:0051707"],"gNum":["15"],"FDR":["1.51e-05"]},{"gID":["GO:0001775"],"Edge":["GO:0044763"],"Name":["cell activation"],"Sig":["red"],"Link":["results/pathway/hgsc/Project_node56genes_pos/Report_node56genes_pos.html#GO:0001775"],"gNum":["16"],"FDR":["2.88e-05"]},{"gID":["GO:0002443"],"Edge":["GO:0002252"],"Name":["leukocyte mediated immunity"],"Sig":["white"],"Link":[""],"gNum":[""],"FDR":[""]},{"gID":["GO:0016337"],"Edge":["GO:0098602","GO:0098609"],"Name":["single organismal cell-cell adhesion"],"Sig":["white"],"Link":[""],"gNum":[""],"FDR":[""]},{"gID":["GO:0008150"],"Edge":["NA",""],"Name":["biological_process"],"Sig":["white"],"Link":[""],"gNum":[""],"FDR":[""]},{"gID":["GO:0050896"],"Edge":["GO:0008150"],"Name":["response to stimulus"],"Sig":["white"],"Link":[""],"gNum":[""],"FDR":[""]},{"gID":["GO:0065007"],"Edge":["GO:0008150"],"Name":["biological regulation"],"Sig":["white"],"Link":[""],"gNum":[""],"FDR":[""]},{"gID":["GO:0006950"],"Edge":["GO:0050896"],"Name":["response to stress"],"Sig":["white"],"Link":[""],"gNum":[""],"FDR":[""]},{"gID":["GO:0002376"],"Edge":["GO:0008150"],"Name":["immune system process"],"Sig":["white"],"Link":[""],"gNum":[""],"FDR":[""]},{"gID":["GO:0050789"],"Edge":["GO:0008150","GO:0065007"],"Name":["regulation of biological process"],"Sig":["white"],"Link":[""],"gNum":[""],"FDR":[""]},{"gID":["GO:0009987"],"Edge":["GO:0008150"],"Name":["cellular process"],"Sig":["white"],"Link":[""],"gNum":[""],"FDR":[""]},{"gID":["GO:0044699"],"Edge":["GO:0008150"],"Name":["single-organism process"],"Sig":["white"],"Link":[""],"gNum":[""],"FDR":[""]},{"gID":["GO:0043207"],"Edge":["GO:0009605","GO:0009607"],"Name":["response to external biotic stimulus"],"Sig":["red"],"Link":["results/pathway/hgsc/Project_node56genes_pos/Report_node56genes_pos.html#GO:0043207"],"gNum":["15"],"FDR":["1.51e-05"]},{"gID":["GO:0044763"],"Edge":["GO:0009987","GO:0044699"],"Name":["single-organism cellular process"],"Sig":["white"],"Link":[""],"gNum":[""],"FDR":[""]},{"gID":["GO:0002252"],"Edge":["GO:0002376"],"Name":["immune effector process"],"Sig":["red"],"Link":["results/pathway/hgsc/Project_node56genes_pos/Report_node56genes_pos.html#GO:0002252"],"gNum":["14"],"FDR":["1.05e-05"]},{"gID":["GO:0098602"],"Edge":["GO:0007155","GO:0044699"],"Name":["single organism cell adhesion"],"Sig":["white"],"Link":[""],"gNum":[""],"FDR":[""]},{"gID":["GO:0098609"],"Edge":["GO:0007155"],"Name":["cell-cell adhesion"],"Sig":["white"],"Link":[""],"gNum":[""],"FDR":[""]},{"gID":["GO:0008150"],"Edge":["NA",""],"Name":["biological_process"],"Sig":["white"],"Link":[""],"gNum":[""],"FDR":[""]},{"gID":["GO:0050896"],"Edge":["GO:0008150"],"Name":["response to stimulus"],"Sig":["white"],"Link":[""],"gNum":[""],"FDR":[""]},{"gID":["GO:0065007"],"Edge":["GO:0008150"],"Name":["biological regulation"],"Sig":["white"],"Link":[""],"gNum":[""],"FDR":[""]},{"gID":["GO:0009605"],"Edge":["GO:0050896"],"Name":["response to external stimulus"],"Sig":["white"],"Link":[""],"gNum":[""],"FDR":[""]},{"gID":["GO:0009607"],"Edge":["GO:0050896"],"Name":["response to biotic stimulus"],"Sig":["red"],"Link":["results/pathway/hgsc/Project_node56genes_pos/Report_node56genes_pos.html#GO:0009607"],"gNum":["16"],"FDR":["5.12e-06"]},{"gID":["GO:0009987"],"Edge":["GO:0008150"],"Name":["cellular process"],"Sig":["white"],"Link":[""],"gNum":[""],"FDR":[""]},{"gID":["GO:0044699"],"Edge":["GO:0008150"],"Name":["single-organism process"],"Sig":["white"],"Link":[""],"gNum":[""],"FDR":[""]},{"gID":["GO:0002376"],"Edge":["GO:0008150"],"Name":["immune system process"],"Sig":["white"],"Link":[""],"gNum":[""],"FDR":[""]},{"gID":["GO:0007155"],"Edge":["GO:0022610"],"Name":["cell adhesion"],"Sig":["white"],"Link":[""],"gNum":[""],"FDR":[""]},{"gID":["GO:0008150"],"Edge":["NA",""],"Name":["biological_process"],"Sig":["white"],"Link":[""],"gNum":[""],"FDR":[""]},{"gID":["GO:0050896"],"Edge":["GO:0008150"],"Name":["response to stimulus"],"Sig":["white"],"Link":[""],"gNum":[""],"FDR":[""]},{"gID":["GO:0022610"],"Edge":["GO:0008150"],"Name":["biological adhesion"],"Sig":["white"],"Link":[""],"gNum":[""],"FDR":[""]},{"gID":["GO:0008150"],"Edge":["NA",""],"Name":["biological_process"],"Sig":["white"],"Link":[""],"gNum":[""],"FDR":[""]}]}]
