[{"id":"Project_node38genes_neg_.json","reports":[{"gID":["GO:0052697"],"Edge":["GO:0006805","GO:0052695"],"Name":["xenobiotic glucuronidation"],"Sig":["red"],"Link":["results/pathway/hgsc/Project_node38genes_neg/Report_node38genes_neg.html#GO:0052697"],"gNum":["6"],"FDR":["7.22e-06"]},{"gID":["GO:0006063"],"Edge":["GO:0005996","GO:0032787"],"Name":["uronic acid metabolic process"],"Sig":["red"],"Link":["results/pathway/hgsc/Project_node38genes_neg/Report_node38genes_neg.html#GO:0006063"],"gNum":["7"],"FDR":["4.6e-05"]},{"gID":["GO:0019585"],"Edge":["GO:0006063"],"Name":["glucuronate metabolic process"],"Sig":["red"],"Link":["results/pathway/hgsc/Project_node38genes_neg/Report_node38genes_neg.html#GO:0019585"],"gNum":["7"],"FDR":["4.6e-05"]},{"gID":["GO:0052695"],"Edge":["GO:0019585"],"Name":["cellular glucuronidation"],"Sig":["red"],"Link":["results/pathway/hgsc/Project_node38genes_neg/Report_node38genes_neg.html#GO:0052695"],"gNum":["7"],"FDR":["4.6e-05"]},{"gID":["GO:0052696"],"Edge":["GO:0009812","GO:0052695"],"Name":["flavonoid glucuronidation"],"Sig":["red"],"Link":["results/pathway/hgsc/Project_node38genes_neg/Report_node38genes_neg.html#GO:0052696"],"gNum":["7"],"FDR":["4.6e-05"]},{"gID":["GO:0009812"],"Edge":["GO:0071704"],"Name":["flavonoid metabolic process"],"Sig":["red"],"Link":["results/pathway/hgsc/Project_node38genes_neg/Report_node38genes_neg.html#GO:0009812"],"gNum":["7"],"FDR":["1.59e-04"]},{"gID":["GO:0009813"],"Edge":["GO:0009812","GO:1901576"],"Name":["flavonoid biosynthetic process"],"Sig":["red"],"Link":["results/pathway/hgsc/Project_node38genes_neg/Report_node38genes_neg.html#GO:0009813"],"gNum":["6"],"FDR":["3.85e-04"]},{"gID":["GO:0051552"],"Edge":["GO:0009812","GO:0042440"],"Name":["flavone metabolic process"],"Sig":["red"],"Link":["results/pathway/hgsc/Project_node38genes_neg/Report_node38genes_neg.html#GO:0051552"],"gNum":["4"],"FDR":["3.5e-03"]},{"gID":["GO:0032787"],"Edge":["GO:0019752"],"Name":["monocarboxylic acid metabolic process"],"Sig":["red"],"Link":["results/pathway/hgsc/Project_node38genes_neg/Report_node38genes_neg.html#GO:0032787"],"gNum":["16"],"FDR":["2.75e-02"]},{"gID":["GO:0034754"],"Edge":["GO:0042445","GO:0044237"],"Name":["cellular hormone metabolic process"],"Sig":["red"],"Link":["results/pathway/hgsc/Project_node38genes_neg/Report_node38genes_neg.html#GO:0034754"],"gNum":["8"],"FDR":["2.75e-02"]},{"gID":["GO:0042573"],"Edge":["GO:0001523","GO:0032787","GO:0034754"],"Name":["retinoic acid metabolic process"],"Sig":["red"],"Link":["results/pathway/hgsc/Project_node38genes_neg/Report_node38genes_neg.html#GO:0042573"],"gNum":["5"],"FDR":["2.75e-02"]},{"gID":["GO:0006413"],"Edge":["GO:0006412","GO:0044237"],"Name":["translational initiation"],"Sig":["red"],"Link":["results/pathway/hgsc/Project_node38genes_neg/Report_node38genes_neg.html#GO:0006413"],"gNum":["4"],"FDR":["3.03e-02"]},{"gID":["GO:0043436"],"Edge":["GO:0006082"],"Name":["oxoacid metabolic process"],"Sig":["red"],"Link":["results/pathway/hgsc/Project_node38genes_neg/Report_node38genes_neg.html#GO:0043436"],"gNum":["20"],"FDR":["4.16e-02"]},{"gID":["GO:0006805"],"Edge":["GO:0044237","GO:0071466"],"Name":["xenobiotic metabolic process"],"Sig":["red"],"Link":["results/pathway/hgsc/Project_node38genes_neg/Report_node38genes_neg.html#GO:0006805"],"gNum":["8"],"FDR":["4.16e-02"]},{"gID":["GO:0071466"],"Edge":["GO:0009410","GO:0070887"],"Name":["cellular response to xenobiotic stimulus"],"Sig":["red"],"Link":["results/pathway/hgsc/Project_node38genes_neg/Report_node38genes_neg.html#GO:0071466"],"gNum":["8"],"FDR":["4.16e-02"]},{"gID":["GO:0009410"],"Edge":["GO:0042221"],"Name":["response to xenobiotic stimulus"],"Sig":["red"],"Link":["results/pathway/hgsc/Project_node38genes_neg/Report_node38genes_neg.html#GO:0009410"],"gNum":["8"],"FDR":["4.9e-02"]},{"gID":["GO:0005996"],"Edge":["GO:0044281","GO:0044723"],"Name":["monosaccharide metabolic process"],"Sig":["white"],"Link":[""],"gNum":[""],"FDR":[""]},{"gID":["GO:0006063"],"Edge":["GO:0005996","GO:0032787"],"Name":["uronic acid metabolic process"],"Sig":["red"],"Link":["results/pathway/hgsc/Project_node38genes_neg/Report_node38genes_neg.html#GO:0006063"],"gNum":["7"],"FDR":["4.6e-05"]},{"gID":["GO:0019585"],"Edge":["GO:0006063"],"Name":["glucuronate metabolic process"],"Sig":["red"],"Link":["results/pathway/hgsc/Project_node38genes_neg/Report_node38genes_neg.html#GO:0019585"],"gNum":["7"],"FDR":["4.6e-05"]},{"gID":["GO:0052695"],"Edge":["GO:0019585"],"Name":["cellular glucuronidation"],"Sig":["red"],"Link":["results/pathway/hgsc/Project_node38genes_neg/Report_node38genes_neg.html#GO:0052695"],"gNum":["7"],"FDR":["4.6e-05"]},{"gID":["GO:0071704"],"Edge":["GO:0008152"],"Name":["organic substance metabolic process"],"Sig":["white"],"Link":[""],"gNum":[""],"FDR":[""]},{"gID":["GO:0009812"],"Edge":["GO:0071704"],"Name":["flavonoid metabolic process"],"Sig":["red"],"Link":["results/pathway/hgsc/Project_node38genes_neg/Report_node38genes_neg.html#GO:0009812"],"gNum":["7"],"FDR":["1.59e-04"]},{"gID":["GO:1901576"],"Edge":["GO:0009058","GO:0071704"],"Name":["organic substance biosynthetic process"],"Sig":["white"],"Link":[""],"gNum":[""],"FDR":[""]},{"gID":["GO:0042440"],"Edge":["GO:0044710"],"Name":["pigment metabolic process"],"Sig":["white"],"Link":[""],"gNum":[""],"FDR":[""]},{"gID":["GO:0019752"],"Edge":["GO:0043436"],"Name":["carboxylic acid metabolic process"],"Sig":["white"],"Link":[""],"gNum":[""],"FDR":[""]},{"gID":["GO:0042445"],"Edge":["GO:0008152","GO:0010817"],"Name":["hormone metabolic process"],"Sig":["white"],"Link":[""],"gNum":[""],"FDR":[""]},{"gID":["GO:0044237"],"Edge":["GO:0008152","GO:0009987"],"Name":["cellular metabolic process"],"Sig":["white"],"Link":[""],"gNum":[""],"FDR":[""]},{"gID":["GO:0001523"],"Edge":["GO:0016101"],"Name":["retinoid metabolic process"],"Sig":["white"],"Link":[""],"gNum":[""],"FDR":[""]},{"gID":["GO:0032787"],"Edge":["GO:0019752"],"Name":["monocarboxylic acid metabolic process"],"Sig":["red"],"Link":["results/pathway/hgsc/Project_node38genes_neg/Report_node38genes_neg.html#GO:0032787"],"gNum":["16"],"FDR":["2.75e-02"]},{"gID":["GO:0034754"],"Edge":["GO:0042445","GO:0044237"],"Name":["cellular hormone metabolic process"],"Sig":["red"],"Link":["results/pathway/hgsc/Project_node38genes_neg/Report_node38genes_neg.html#GO:0034754"],"gNum":["8"],"FDR":["2.75e-02"]},{"gID":["GO:0006412"],"Edge":["GO:0010467","GO:0034645","GO:0043043","GO:0044267"],"Name":["translation"],"Sig":["white"],"Link":[""],"gNum":[""],"FDR":[""]},{"gID":["GO:0006082"],"Edge":["GO:0044237","GO:0044281","GO:0044763","GO:0071704"],"Name":["organic acid metabolic process"],"Sig":["white"],"Link":[""],"gNum":[""],"FDR":[""]},{"gID":["GO:0070887"],"Edge":["GO:0042221","GO:0051716"],"Name":["cellular response to chemical stimulus"],"Sig":["white"],"Link":[""],"gNum":[""],"FDR":[""]},{"gID":["GO:0042221"],"Edge":["GO:0050896"],"Name":["response to chemical"],"Sig":["white"],"Link":[""],"gNum":[""],"FDR":[""]},{"gID":["GO:0044281"],"Edge":["GO:0044710"],"Name":["small molecule metabolic process"],"Sig":["white"],"Link":[""],"gNum":[""],"FDR":[""]},{"gID":["GO:0044723"],"Edge":["GO:0005975","GO:0044710"],"Name":["single-organism carbohydrate metabolic process"],"Sig":["white"],"Link":[""],"gNum":[""],"FDR":[""]},{"gID":["GO:0005996"],"Edge":["GO:0044281","GO:0044723"],"Name":["monosaccharide metabolic process"],"Sig":["white"],"Link":[""],"gNum":[""],"FDR":[""]},{"gID":["GO:0006063"],"Edge":["GO:0005996","GO:0032787"],"Name":["uronic acid metabolic process"],"Sig":["red"],"Link":["results/pathway/hgsc/Project_node38genes_neg/Report_node38genes_neg.html#GO:0006063"],"gNum":["7"],"FDR":["4.6e-05"]},{"gID":["GO:0019585"],"Edge":["GO:0006063"],"Name":["glucuronate metabolic process"],"Sig":["red"],"Link":["results/pathway/hgsc/Project_node38genes_neg/Report_node38genes_neg.html#GO:0019585"],"gNum":["7"],"FDR":["4.6e-05"]},{"gID":["GO:0008152"],"Edge":["GO:0008150"],"Name":["metabolic process"],"Sig":["white"],"Link":[""],"gNum":[""],"FDR":[""]},{"gID":["GO:0071704"],"Edge":["GO:0008152"],"Name":["organic substance metabolic process"],"Sig":["white"],"Link":[""],"gNum":[""],"FDR":[""]},{"gID":["GO:0009058"],"Edge":["GO:0008152"],"Name":["biosynthetic process"],"Sig":["white"],"Link":[""],"gNum":[""],"FDR":[""]},{"gID":["GO:0044710"],"Edge":["GO:0008152","GO:0044699"],"Name":["single-organism metabolic process"],"Sig":["white"],"Link":[""],"gNum":[""],"FDR":[""]},{"gID":["GO:0043436"],"Edge":["GO:0006082"],"Name":["oxoacid metabolic process"],"Sig":["red"],"Link":["results/pathway/hgsc/Project_node38genes_neg/Report_node38genes_neg.html#GO:0043436"],"gNum":["20"],"FDR":["4.16e-02"]},{"gID":["GO:0010817"],"Edge":["GO:0065008"],"Name":["regulation of hormone levels"],"Sig":["white"],"Link":[""],"gNum":[""],"FDR":[""]},{"gID":["GO:0009987"],"Edge":["GO:0008150"],"Name":["cellular process"],"Sig":["white"],"Link":[""],"gNum":[""],"FDR":[""]},{"gID":["GO:0016101"],"Edge":["GO:0006721"],"Name":["diterpenoid metabolic process"],"Sig":["white"],"Link":[""],"gNum":[""],"FDR":[""]},{"gID":["GO:0019752"],"Edge":["GO:0043436"],"Name":["carboxylic acid metabolic process"],"Sig":["white"],"Link":[""],"gNum":[""],"FDR":[""]},{"gID":["GO:0042445"],"Edge":["GO:0008152","GO:0010817"],"Name":["hormone metabolic process"],"Sig":["white"],"Link":[""],"gNum":[""],"FDR":[""]},{"gID":["GO:0044237"],"Edge":["GO:0008152","GO:0009987"],"Name":["cellular metabolic process"],"Sig":["white"],"Link":[""],"gNum":[""],"FDR":[""]},{"gID":["GO:0010467"],"Edge":["GO:0043170"],"Name":["gene expression"],"Sig":["white"],"Link":[""],"gNum":[""],"FDR":[""]},{"gID":["GO:0034645"],"Edge":["GO:0009059","GO:0044249","GO:0044260"],"Name":["cellular macromolecule biosynthetic process"],"Sig":["white"],"Link":[""],"gNum":[""],"FDR":[""]},{"gID":["GO:0043043"],"Edge":["GO:0006518","GO:0043604","GO:1901566"],"Name":["peptide biosynthetic process"],"Sig":["white"],"Link":[""],"gNum":[""],"FDR":[""]},{"gID":["GO:0044267"],"Edge":["GO:0019538","GO:0044260"],"Name":["cellular protein metabolic process"],"Sig":["white"],"Link":[""],"gNum":[""],"FDR":[""]},{"gID":["GO:0044763"],"Edge":["GO:0009987","GO:0044699"],"Name":["single-organism cellular process"],"Sig":["white"],"Link":[""],"gNum":[""],"FDR":[""]},{"gID":["GO:0051716"],"Edge":["GO:0009987","GO:0050896"],"Name":["cellular response to stimulus"],"Sig":["white"],"Link":[""],"gNum":[""],"FDR":[""]},{"gID":["GO:0050896"],"Edge":["GO:0008150"],"Name":["response to stimulus"],"Sig":["white"],"Link":[""],"gNum":[""],"FDR":[""]},{"gID":["GO:0005975"],"Edge":["GO:0044238","GO:0071704"],"Name":["carbohydrate metabolic process"],"Sig":["white"],"Link":[""],"gNum":[""],"FDR":[""]},{"gID":["GO:0044281"],"Edge":["GO:0044710"],"Name":["small molecule metabolic process"],"Sig":["white"],"Link":[""],"gNum":[""],"FDR":[""]},{"gID":["GO:0044723"],"Edge":["GO:0005975","GO:0044710"],"Name":["single-organism carbohydrate metabolic process"],"Sig":["white"],"Link":[""],"gNum":[""],"FDR":[""]},{"gID":["GO:0005996"],"Edge":["GO:0044281","GO:0044723"],"Name":["monosaccharide metabolic process"],"Sig":["white"],"Link":[""],"gNum":[""],"FDR":[""]},{"gID":["GO:0032787"],"Edge":["GO:0019752"],"Name":["monocarboxylic acid metabolic process"],"Sig":["red"],"Link":["results/pathway/hgsc/Project_node38genes_neg/Report_node38genes_neg.html#GO:0032787"],"gNum":["16"],"FDR":["2.75e-02"]},{"gID":["GO:0006063"],"Edge":["GO:0005996","GO:0032787"],"Name":["uronic acid metabolic process"],"Sig":["red"],"Link":["results/pathway/hgsc/Project_node38genes_neg/Report_node38genes_neg.html#GO:0006063"],"gNum":["7"],"FDR":["4.6e-05"]},{"gID":["GO:0008150"],"Edge":["NA",""],"Name":["biological_process"],"Sig":["white"],"Link":[""],"gNum":[""],"FDR":[""]},{"gID":["GO:0008152"],"Edge":["GO:0008150"],"Name":["metabolic process"],"Sig":["white"],"Link":[""],"gNum":[""],"FDR":[""]},{"gID":["GO:0044699"],"Edge":["GO:0008150"],"Name":["single-organism process"],"Sig":["white"],"Link":[""],"gNum":[""],"FDR":[""]},{"gID":["GO:0006082"],"Edge":["GO:0044237","GO:0044281","GO:0044763","GO:0071704"],"Name":["organic acid metabolic process"],"Sig":["white"],"Link":[""],"gNum":[""],"FDR":[""]},{"gID":["GO:0065008"],"Edge":["GO:0065007"],"Name":["regulation of biological quality"],"Sig":["white"],"Link":[""],"gNum":[""],"FDR":[""]},{"gID":["GO:0006721"],"Edge":["GO:0006720"],"Name":["terpenoid metabolic process"],"Sig":["white"],"Link":[""],"gNum":[""],"FDR":[""]},{"gID":["GO:0043436"],"Edge":["GO:0006082"],"Name":["oxoacid metabolic process"],"Sig":["red"],"Link":["results/pathway/hgsc/Project_node38genes_neg/Report_node38genes_neg.html#GO:0043436"],"gNum":["20"],"FDR":["4.16e-02"]},{"gID":["GO:0010817"],"Edge":["GO:0065008"],"Name":["regulation of hormone levels"],"Sig":["white"],"Link":[""],"gNum":[""],"FDR":[""]},{"gID":["GO:0009987"],"Edge":["GO:0008150"],"Name":["cellular process"],"Sig":["white"],"Link":[""],"gNum":[""],"FDR":[""]},{"gID":["GO:0043170"],"Edge":["GO:0071704"],"Name":["macromolecule metabolic process"],"Sig":["white"],"Link":[""],"gNum":[""],"FDR":[""]},{"gID":["GO:0009059"],"Edge":["GO:0043170","GO:1901576"],"Name":["macromolecule biosynthetic process"],"Sig":["white"],"Link":[""],"gNum":[""],"FDR":[""]},{"gID":["GO:0044249"],"Edge":["GO:0009058","GO:0044237"],"Name":["cellular biosynthetic process"],"Sig":["white"],"Link":[""],"gNum":[""],"FDR":[""]},{"gID":["GO:0044260"],"Edge":["GO:0043170","GO:0044237"],"Name":["cellular macromolecule metabolic process"],"Sig":["white"],"Link":[""],"gNum":[""],"FDR":[""]},{"gID":["GO:0006518"],"Edge":["GO:0043603","GO:1901564"],"Name":["peptide metabolic process"],"Sig":["white"],"Link":[""],"gNum":[""],"FDR":[""]},{"gID":["GO:0043604"],"Edge":["GO:0043603","GO:0044271"],"Name":["amide biosynthetic process"],"Sig":["white"],"Link":[""],"gNum":[""],"FDR":[""]},{"gID":["GO:1901566"],"Edge":["GO:1901564","GO:1901576"],"Name":["organonitrogen compound biosynthetic process"],"Sig":["white"],"Link":[""],"gNum":[""],"FDR":[""]},{"gID":["GO:0019538"],"Edge":["GO:0043170","GO:0044238"],"Name":["protein metabolic process"],"Sig":["white"],"Link":[""],"gNum":[""],"FDR":[""]},{"gID":["GO:0044238"],"Edge":["GO:0008152"],"Name":["primary metabolic process"],"Sig":["white"],"Link":[""],"gNum":[""],"FDR":[""]},{"gID":["GO:0071704"],"Edge":["GO:0008152"],"Name":["organic substance metabolic process"],"Sig":["white"],"Link":[""],"gNum":[""],"FDR":[""]},{"gID":["GO:0044710"],"Edge":["GO:0008152","GO:0044699"],"Name":["single-organism metabolic process"],"Sig":["white"],"Link":[""],"gNum":[""],"FDR":[""]},{"gID":["GO:0005975"],"Edge":["GO:0044238","GO:0071704"],"Name":["carbohydrate metabolic process"],"Sig":["white"],"Link":[""],"gNum":[""],"FDR":[""]},{"gID":["GO:0044281"],"Edge":["GO:0044710"],"Name":["small molecule metabolic process"],"Sig":["white"],"Link":[""],"gNum":[""],"FDR":[""]},{"gID":["GO:0044723"],"Edge":["GO:0005975","GO:0044710"],"Name":["single-organism carbohydrate metabolic process"],"Sig":["white"],"Link":[""],"gNum":[""],"FDR":[""]},{"gID":["GO:0019752"],"Edge":["GO:0043436"],"Name":["carboxylic acid metabolic process"],"Sig":["white"],"Link":[""],"gNum":[""],"FDR":[""]},{"gID":["GO:0005996"],"Edge":["GO:0044281","GO:0044723"],"Name":["monosaccharide metabolic process"],"Sig":["white"],"Link":[""],"gNum":[""],"FDR":[""]},{"gID":["GO:0032787"],"Edge":["GO:0019752"],"Name":["monocarboxylic acid metabolic process"],"Sig":["red"],"Link":["results/pathway/hgsc/Project_node38genes_neg/Report_node38genes_neg.html#GO:0032787"],"gNum":["16"],"FDR":["2.75e-02"]},{"gID":["GO:0008150"],"Edge":["NA",""],"Name":["biological_process"],"Sig":["white"],"Link":[""],"gNum":[""],"FDR":[""]},{"gID":["GO:0044237"],"Edge":["GO:0008152","GO:0009987"],"Name":["cellular metabolic process"],"Sig":["white"],"Link":[""],"gNum":[""],"FDR":[""]},{"gID":["GO:0044763"],"Edge":["GO:0009987","GO:0044699"],"Name":["single-organism cellular process"],"Sig":["white"],"Link":[""],"gNum":[""],"FDR":[""]},{"gID":["GO:0065007"],"Edge":["GO:0008150"],"Name":["biological regulation"],"Sig":["white"],"Link":[""],"gNum":[""],"FDR":[""]},{"gID":["GO:0006720"],"Edge":["GO:0044255"],"Name":["isoprenoid metabolic process"],"Sig":["white"],"Link":[""],"gNum":[""],"FDR":[""]},{"gID":["GO:0006082"],"Edge":["GO:0044237","GO:0044281","GO:0044763","GO:0071704"],"Name":["organic acid metabolic process"],"Sig":["white"],"Link":[""],"gNum":[""],"FDR":[""]},{"gID":["GO:0065008"],"Edge":["GO:0065007"],"Name":["regulation of biological quality"],"Sig":["white"],"Link":[""],"gNum":[""],"FDR":[""]},{"gID":["GO:0043170"],"Edge":["GO:0071704"],"Name":["macromolecule metabolic process"],"Sig":["white"],"Link":[""],"gNum":[""],"FDR":[""]},{"gID":["GO:1901576"],"Edge":["GO:0009058","GO:0071704"],"Name":["organic substance biosynthetic process"],"Sig":["white"],"Link":[""],"gNum":[""],"FDR":[""]},{"gID":["GO:0009058"],"Edge":["GO:0008152"],"Name":["biosynthetic process"],"Sig":["white"],"Link":[""],"gNum":[""],"FDR":[""]},{"gID":["GO:0043603"],"Edge":["GO:0034641"],"Name":["cellular amide metabolic process"],"Sig":["white"],"Link":[""],"gNum":[""],"FDR":[""]},{"gID":["GO:1901564"],"Edge":["GO:0006807","GO:0071704"],"Name":["organonitrogen compound metabolic process"],"Sig":["white"],"Link":[""],"gNum":[""],"FDR":[""]},{"gID":["GO:0044271"],"Edge":["GO:0034641","GO:0044249"],"Name":["cellular nitrogen compound biosynthetic process"],"Sig":["white"],"Link":[""],"gNum":[""],"FDR":[""]},{"gID":["GO:0008152"],"Edge":["GO:0008150"],"Name":["metabolic process"],"Sig":["white"],"Link":[""],"gNum":[""],"FDR":[""]},{"gID":["GO:0044699"],"Edge":["GO:0008150"],"Name":["single-organism process"],"Sig":["white"],"Link":[""],"gNum":[""],"FDR":[""]},{"gID":["GO:0044238"],"Edge":["GO:0008152"],"Name":["primary metabolic process"],"Sig":["white"],"Link":[""],"gNum":[""],"FDR":[""]},{"gID":["GO:0071704"],"Edge":["GO:0008152"],"Name":["organic substance metabolic process"],"Sig":["white"],"Link":[""],"gNum":[""],"FDR":[""]},{"gID":["GO:0044710"],"Edge":["GO:0008152","GO:0044699"],"Name":["single-organism metabolic process"],"Sig":["white"],"Link":[""],"gNum":[""],"FDR":[""]},{"gID":["GO:0005975"],"Edge":["GO:0044238","GO:0071704"],"Name":["carbohydrate metabolic process"],"Sig":["white"],"Link":[""],"gNum":[""],"FDR":[""]},{"gID":["GO:0043436"],"Edge":["GO:0006082"],"Name":["oxoacid metabolic process"],"Sig":["red"],"Link":["results/pathway/hgsc/Project_node38genes_neg/Report_node38genes_neg.html#GO:0043436"],"gNum":["20"],"FDR":["4.16e-02"]},{"gID":["GO:0044281"],"Edge":["GO:0044710"],"Name":["small molecule metabolic process"],"Sig":["white"],"Link":[""],"gNum":[""],"FDR":[""]},{"gID":["GO:0044723"],"Edge":["GO:0005975","GO:0044710"],"Name":["single-organism carbohydrate metabolic process"],"Sig":["white"],"Link":[""],"gNum":[""],"FDR":[""]},{"gID":["GO:0019752"],"Edge":["GO:0043436"],"Name":["carboxylic acid metabolic process"],"Sig":["white"],"Link":[""],"gNum":[""],"FDR":[""]},{"gID":["GO:0009987"],"Edge":["GO:0008150"],"Name":["cellular process"],"Sig":["white"],"Link":[""],"gNum":[""],"FDR":[""]},{"gID":["GO:0008150"],"Edge":["NA",""],"Name":["biological_process"],"Sig":["white"],"Link":[""],"gNum":[""],"FDR":[""]},{"gID":["GO:0044255"],"Edge":["GO:0006629","GO:0044237","GO:0044763"],"Name":["cellular lipid metabolic process"],"Sig":["white"],"Link":[""],"gNum":[""],"FDR":[""]},{"gID":["GO:0044237"],"Edge":["GO:0008152","GO:0009987"],"Name":["cellular metabolic process"],"Sig":["white"],"Link":[""],"gNum":[""],"FDR":[""]},{"gID":["GO:0044763"],"Edge":["GO:0009987","GO:0044699"],"Name":["single-organism cellular process"],"Sig":["white"],"Link":[""],"gNum":[""],"FDR":[""]},{"gID":["GO:0065007"],"Edge":["GO:0008150"],"Name":["biological regulation"],"Sig":["white"],"Link":[""],"gNum":[""],"FDR":[""]},{"gID":["GO:0034641"],"Edge":["GO:0006807","GO:0044237"],"Name":["cellular nitrogen compound metabolic process"],"Sig":["white"],"Link":[""],"gNum":[""],"FDR":[""]},{"gID":["GO:0006807"],"Edge":["GO:0008152"],"Name":["nitrogen compound metabolic process"],"Sig":["white"],"Link":[""],"gNum":[""],"FDR":[""]},{"gID":["GO:0044249"],"Edge":["GO:0009058","GO:0044237"],"Name":["cellular biosynthetic process"],"Sig":["white"],"Link":[""],"gNum":[""],"FDR":[""]},{"gID":["GO:0008152"],"Edge":["GO:0008150"],"Name":["metabolic process"],"Sig":["white"],"Link":[""],"gNum":[""],"FDR":[""]},{"gID":["GO:0044699"],"Edge":["GO:0008150"],"Name":["single-organism process"],"Sig":["white"],"Link":[""],"gNum":[""],"FDR":[""]},{"gID":["GO:0044238"],"Edge":["GO:0008152"],"Name":["primary metabolic process"],"Sig":["white"],"Link":[""],"gNum":[""],"FDR":[""]},{"gID":["GO:0071704"],"Edge":["GO:0008152"],"Name":["organic substance metabolic process"],"Sig":["white"],"Link":[""],"gNum":[""],"FDR":[""]},{"gID":["GO:0006082"],"Edge":["GO:0044237","GO:0044281","GO:0044763","GO:0071704"],"Name":["organic acid metabolic process"],"Sig":["white"],"Link":[""],"gNum":[""],"FDR":[""]},{"gID":["GO:0044710"],"Edge":["GO:0008152","GO:0044699"],"Name":["single-organism metabolic process"],"Sig":["white"],"Link":[""],"gNum":[""],"FDR":[""]},{"gID":["GO:0005975"],"Edge":["GO:0044238","GO:0071704"],"Name":["carbohydrate metabolic process"],"Sig":["white"],"Link":[""],"gNum":[""],"FDR":[""]},{"gID":["GO:0043436"],"Edge":["GO:0006082"],"Name":["oxoacid metabolic process"],"Sig":["red"],"Link":["results/pathway/hgsc/Project_node38genes_neg/Report_node38genes_neg.html#GO:0043436"],"gNum":["20"],"FDR":["4.16e-02"]},{"gID":["GO:0006629"],"Edge":["GO:0044238","GO:0044710","GO:0071704"],"Name":["lipid metabolic process"],"Sig":["white"],"Link":[""],"gNum":[""],"FDR":[""]},{"gID":["GO:0009987"],"Edge":["GO:0008150"],"Name":["cellular process"],"Sig":["white"],"Link":[""],"gNum":[""],"FDR":[""]},{"gID":["GO:0008150"],"Edge":["NA",""],"Name":["biological_process"],"Sig":["white"],"Link":[""],"gNum":[""],"FDR":[""]},{"gID":["GO:0044237"],"Edge":["GO:0008152","GO:0009987"],"Name":["cellular metabolic process"],"Sig":["white"],"Link":[""],"gNum":[""],"FDR":[""]},{"gID":["GO:0009058"],"Edge":["GO:0008152"],"Name":["biosynthetic process"],"Sig":["white"],"Link":[""],"gNum":[""],"FDR":[""]},{"gID":["GO:0008152"],"Edge":["GO:0008150"],"Name":["metabolic process"],"Sig":["white"],"Link":[""],"gNum":[""],"FDR":[""]},{"gID":["GO:0044281"],"Edge":["GO:0044710"],"Name":["small molecule metabolic process"],"Sig":["white"],"Link":[""],"gNum":[""],"FDR":[""]},{"gID":["GO:0044763"],"Edge":["GO:0009987","GO:0044699"],"Name":["single-organism cellular process"],"Sig":["white"],"Link":[""],"gNum":[""],"FDR":[""]},{"gID":["GO:0071704"],"Edge":["GO:0008152"],"Name":["organic substance metabolic process"],"Sig":["white"],"Link":[""],"gNum":[""],"FDR":[""]},{"gID":["GO:0044699"],"Edge":["GO:0008150"],"Name":["single-organism process"],"Sig":["white"],"Link":[""],"gNum":[""],"FDR":[""]},{"gID":["GO:0044238"],"Edge":["GO:0008152"],"Name":["primary metabolic process"],"Sig":["white"],"Link":[""],"gNum":[""],"FDR":[""]},{"gID":["GO:0006082"],"Edge":["GO:0044237","GO:0044281","GO:0044763","GO:0071704"],"Name":["organic acid metabolic process"],"Sig":["white"],"Link":[""],"gNum":[""],"FDR":[""]},{"gID":["GO:0044710"],"Edge":["GO:0008152","GO:0044699"],"Name":["single-organism metabolic process"],"Sig":["white"],"Link":[""],"gNum":[""],"FDR":[""]},{"gID":["GO:0009987"],"Edge":["GO:0008150"],"Name":["cellular process"],"Sig":["white"],"Link":[""],"gNum":[""],"FDR":[""]},{"gID":["GO:0008150"],"Edge":["NA",""],"Name":["biological_process"],"Sig":["white"],"Link":[""],"gNum":[""],"FDR":[""]},{"gID":["GO:0008152"],"Edge":["GO:0008150"],"Name":["metabolic process"],"Sig":["white"],"Link":[""],"gNum":[""],"FDR":[""]},{"gID":["GO:0044237"],"Edge":["GO:0008152","GO:0009987"],"Name":["cellular metabolic process"],"Sig":["white"],"Link":[""],"gNum":[""],"FDR":[""]},{"gID":["GO:0044281"],"Edge":["GO:0044710"],"Name":["small molecule metabolic process"],"Sig":["white"],"Link":[""],"gNum":[""],"FDR":[""]},{"gID":["GO:0044763"],"Edge":["GO:0009987","GO:0044699"],"Name":["single-organism cellular process"],"Sig":["white"],"Link":[""],"gNum":[""],"FDR":[""]},{"gID":["GO:0071704"],"Edge":["GO:0008152"],"Name":["organic substance metabolic process"],"Sig":["white"],"Link":[""],"gNum":[""],"FDR":[""]},{"gID":["GO:0044699"],"Edge":["GO:0008150"],"Name":["single-organism process"],"Sig":["white"],"Link":[""],"gNum":[""],"FDR":[""]},{"gID":["GO:0008150"],"Edge":["NA",""],"Name":["biological_process"],"Sig":["white"],"Link":[""],"gNum":[""],"FDR":[""]},{"gID":["GO:0008152"],"Edge":["GO:0008150"],"Name":["metabolic process"],"Sig":["white"],"Link":[""],"gNum":[""],"FDR":[""]},{"gID":["GO:0009987"],"Edge":["GO:0008150"],"Name":["cellular process"],"Sig":["white"],"Link":[""],"gNum":[""],"FDR":[""]},{"gID":["GO:0044710"],"Edge":["GO:0008152","GO:0044699"],"Name":["single-organism metabolic process"],"Sig":["white"],"Link":[""],"gNum":[""],"FDR":[""]},{"gID":["GO:0008150"],"Edge":["NA",""],"Name":["biological_process"],"Sig":["white"],"Link":[""],"gNum":[""],"FDR":[""]},{"gID":["GO:0008152"],"Edge":["GO:0008150"],"Name":["metabolic process"],"Sig":["white"],"Link":[""],"gNum":[""],"FDR":[""]},{"gID":["GO:0044699"],"Edge":["GO:0008150"],"Name":["single-organism process"],"Sig":["white"],"Link":[""],"gNum":[""],"FDR":[""]},{"gID":["GO:0008150"],"Edge":["NA",""],"Name":["biological_process"],"Sig":["white"],"Link":[""],"gNum":[""],"FDR":[""]}]}]
