[{"id":"Project_node87genes_pos_.json","reports":[{"gID":["GO:0030574"],"Edge":["GO:0032963","GO:0044243","GO:0044712"],"Name":["collagen catabolic process"],"Sig":["red"],"Link":["results/pathway/hgsc/Project_node87genes_pos/Report_node87genes_pos.html#GO:0030574"],"gNum":["11"],"FDR":["1.83e-09"]},{"gID":["GO:0032963"],"Edge":["GO:0044259"],"Name":["collagen metabolic process"],"Sig":["red"],"Link":["results/pathway/hgsc/Project_node87genes_pos/Report_node87genes_pos.html#GO:0032963"],"gNum":["12"],"FDR":["1.83e-09"]},{"gID":["GO:0044243"],"Edge":["GO:0044236"],"Name":["multicellular organismal catabolic process"],"Sig":["red"],"Link":["results/pathway/hgsc/Project_node87genes_pos/Report_node87genes_pos.html#GO:0044243"],"gNum":["11"],"FDR":["1.83e-09"]},{"gID":["GO:0044259"],"Edge":["GO:0043170","GO:0044236"],"Name":["multicellular organismal macromolecule metabolic process"],"Sig":["red"],"Link":["results/pathway/hgsc/Project_node87genes_pos/Report_node87genes_pos.html#GO:0044259"],"gNum":["12"],"FDR":["1.84e-09"]},{"gID":["GO:0044236"],"Edge":["GO:0044707","GO:0044710"],"Name":["multicellular organism metabolic process"],"Sig":["red"],"Link":["results/pathway/hgsc/Project_node87genes_pos/Report_node87genes_pos.html#GO:0044236"],"gNum":["12"],"FDR":["3.99e-09"]},{"gID":["GO:0030198"],"Edge":["GO:0043062"],"Name":["extracellular matrix organization"],"Sig":["red"],"Link":["results/pathway/hgsc/Project_node87genes_pos/Report_node87genes_pos.html#GO:0030198"],"gNum":["14"],"FDR":["4.17e-06"]},{"gID":["GO:0043062"],"Edge":["GO:0016043","GO:0044763"],"Name":["extracellular structure organization"],"Sig":["red"],"Link":["results/pathway/hgsc/Project_node87genes_pos/Report_node87genes_pos.html#GO:0043062"],"gNum":["14"],"FDR":["4.17e-06"]},{"gID":["GO:0030199"],"Edge":["GO:0030198","GO:0071822"],"Name":["collagen fibril organization"],"Sig":["red"],"Link":["results/pathway/hgsc/Project_node87genes_pos/Report_node87genes_pos.html#GO:0030199"],"gNum":["6"],"FDR":["2.89e-04"]},{"gID":["GO:0022617"],"Edge":["GO:0022411","GO:0030198"],"Name":["extracellular matrix disassembly"],"Sig":["red"],"Link":["results/pathway/hgsc/Project_node87genes_pos/Report_node87genes_pos.html#GO:0022617"],"gNum":["7"],"FDR":["2.89e-04"]},{"gID":["GO:0048646"],"Edge":["GO:0009653","GO:0032502"],"Name":["anatomical structure formation involved in morphogenesis"],"Sig":["red"],"Link":["results/pathway/hgsc/Project_node87genes_pos/Report_node87genes_pos.html#GO:0048646"],"gNum":["16"],"FDR":["7.02e-04"]},{"gID":["GO:0001503"],"Edge":["GO:0044707"],"Name":["ossification"],"Sig":["red"],"Link":["results/pathway/hgsc/Project_node87genes_pos/Report_node87genes_pos.html#GO:0001503"],"gNum":["10"],"FDR":["2.48e-03"]},{"gID":["GO:0035987"],"Edge":["GO:0001706","GO:0030154"],"Name":["endodermal cell differentiation"],"Sig":["red"],"Link":["results/pathway/hgsc/Project_node87genes_pos/Report_node87genes_pos.html#GO:0035987"],"gNum":["5"],"FDR":["2.72e-03"]},{"gID":["GO:0006508"],"Edge":["GO:0019538"],"Name":["proteolysis"],"Sig":["red"],"Link":["results/pathway/hgsc/Project_node87genes_pos/Report_node87genes_pos.html#GO:0006508"],"gNum":["16"],"FDR":["2.72e-03"]},{"gID":["GO:0001706"],"Edge":["GO:0001704","GO:0007492"],"Name":["endoderm formation"],"Sig":["red"],"Link":["results/pathway/hgsc/Project_node87genes_pos/Report_node87genes_pos.html#GO:0001706"],"gNum":["5"],"FDR":["5.29e-03"]},{"gID":["GO:0061448"],"Edge":["GO:0009888"],"Name":["connective tissue development"],"Sig":["red"],"Link":["results/pathway/hgsc/Project_node87genes_pos/Report_node87genes_pos.html#GO:0061448"],"gNum":["8"],"FDR":["1e-02"]},{"gID":["GO:0001704"],"Edge":["GO:0007369","GO:0044767","GO:0048646"],"Name":["formation of primary germ layer"],"Sig":["red"],"Link":["results/pathway/hgsc/Project_node87genes_pos/Report_node87genes_pos.html#GO:0001704"],"gNum":["6"],"FDR":["1e-02"]},{"gID":["GO:0007492"],"Edge":["GO:0009888"],"Name":["endoderm development"],"Sig":["red"],"Link":["results/pathway/hgsc/Project_node87genes_pos/Report_node87genes_pos.html#GO:0007492"],"gNum":["5"],"FDR":["1.17e-02"]},{"gID":["GO:0044712"],"Edge":["GO:0009056","GO:0044710"],"Name":["single-organism catabolic process"],"Sig":["red"],"Link":["results/pathway/hgsc/Project_node87genes_pos/Report_node87genes_pos.html#GO:0044712"],"gNum":["12"],"FDR":["1.18e-02"]},{"gID":["GO:0051216"],"Edge":["GO:0001501","GO:0048513","GO:0061448"],"Name":["cartilage development"],"Sig":["red"],"Link":["results/pathway/hgsc/Project_node87genes_pos/Report_node87genes_pos.html#GO:0051216"],"gNum":["7"],"FDR":["2.08e-02"]},{"gID":["GO:0007369"],"Edge":["GO:0048598"],"Name":["gastrulation"],"Sig":["red"],"Link":["results/pathway/hgsc/Project_node87genes_pos/Report_node87genes_pos.html#GO:0007369"],"gNum":["6"],"FDR":["2.77e-02"]},{"gID":["GO:0043170"],"Edge":["GO:0071704"],"Name":["macromolecule metabolic process"],"Sig":["white"],"Link":[""],"gNum":[""],"FDR":[""]},{"gID":["GO:0044707"],"Edge":["GO:0032501","GO:0044699"],"Name":["single-multicellular organism process"],"Sig":["white"],"Link":[""],"gNum":[""],"FDR":[""]},{"gID":["GO:0044710"],"Edge":["GO:0008152","GO:0044699"],"Name":["single-organism metabolic process"],"Sig":["white"],"Link":[""],"gNum":[""],"FDR":[""]},{"gID":["GO:0016043"],"Edge":["GO:0009987","GO:0071840"],"Name":["cellular component organization"],"Sig":["white"],"Link":[""],"gNum":[""],"FDR":[""]},{"gID":["GO:0044763"],"Edge":["GO:0009987","GO:0044699"],"Name":["single-organism cellular process"],"Sig":["white"],"Link":[""],"gNum":[""],"FDR":[""]},{"gID":["GO:0030198"],"Edge":["GO:0043062"],"Name":["extracellular matrix organization"],"Sig":["red"],"Link":["results/pathway/hgsc/Project_node87genes_pos/Report_node87genes_pos.html#GO:0030198"],"gNum":["14"],"FDR":["4.17e-06"]},{"gID":["GO:0071822"],"Edge":["GO:0043933"],"Name":["protein complex subunit organization"],"Sig":["white"],"Link":[""],"gNum":[""],"FDR":[""]},{"gID":["GO:0022411"],"Edge":["GO:0016043","GO:0044763"],"Name":["cellular component disassembly"],"Sig":["white"],"Link":[""],"gNum":[""],"FDR":[""]},{"gID":["GO:0009653"],"Edge":["GO:0032502","GO:0048856"],"Name":["anatomical structure morphogenesis"],"Sig":["white"],"Link":[""],"gNum":[""],"FDR":[""]},{"gID":["GO:0032502"],"Edge":["GO:0008150"],"Name":["developmental process"],"Sig":["white"],"Link":[""],"gNum":[""],"FDR":[""]},{"gID":["GO:0030154"],"Edge":["GO:0048869"],"Name":["cell differentiation"],"Sig":["white"],"Link":[""],"gNum":[""],"FDR":[""]},{"gID":["GO:0019538"],"Edge":["GO:0043170","GO:0044238"],"Name":["protein metabolic process"],"Sig":["white"],"Link":[""],"gNum":[""],"FDR":[""]},{"gID":["GO:0009888"],"Edge":["GO:0048856"],"Name":["tissue development"],"Sig":["white"],"Link":[""],"gNum":[""],"FDR":[""]},{"gID":["GO:0044767"],"Edge":["GO:0032502","GO:0044699"],"Name":["single-organism developmental process"],"Sig":["white"],"Link":[""],"gNum":[""],"FDR":[""]},{"gID":["GO:0048646"],"Edge":["GO:0009653","GO:0032502"],"Name":["anatomical structure formation involved in morphogenesis"],"Sig":["red"],"Link":["results/pathway/hgsc/Project_node87genes_pos/Report_node87genes_pos.html#GO:0048646"],"gNum":["16"],"FDR":["7.02e-04"]},{"gID":["GO:0009056"],"Edge":["GO:0008152"],"Name":["catabolic process"],"Sig":["white"],"Link":[""],"gNum":[""],"FDR":[""]},{"gID":["GO:0001501"],"Edge":["GO:0048731"],"Name":["skeletal system development"],"Sig":["white"],"Link":[""],"gNum":[""],"FDR":[""]},{"gID":["GO:0048513"],"Edge":["GO:0048731","GO:0048856"],"Name":["animal organ development"],"Sig":["white"],"Link":[""],"gNum":[""],"FDR":[""]},{"gID":["GO:0061448"],"Edge":["GO:0009888"],"Name":["connective tissue development"],"Sig":["red"],"Link":["results/pathway/hgsc/Project_node87genes_pos/Report_node87genes_pos.html#GO:0061448"],"gNum":["8"],"FDR":["1e-02"]},{"gID":["GO:0048598"],"Edge":["GO:0009653","GO:0009790","GO:0044767"],"Name":["embryonic morphogenesis"],"Sig":["white"],"Link":[""],"gNum":[""],"FDR":[""]},{"gID":["GO:0071704"],"Edge":["GO:0008152"],"Name":["organic substance metabolic process"],"Sig":["white"],"Link":[""],"gNum":[""],"FDR":[""]},{"gID":["GO:0032501"],"Edge":["GO:0008150"],"Name":["multicellular organismal process"],"Sig":["white"],"Link":[""],"gNum":[""],"FDR":[""]},{"gID":["GO:0044699"],"Edge":["GO:0008150"],"Name":["single-organism process"],"Sig":["white"],"Link":[""],"gNum":[""],"FDR":[""]},{"gID":["GO:0008152"],"Edge":["GO:0008150"],"Name":["metabolic process"],"Sig":["white"],"Link":[""],"gNum":[""],"FDR":[""]},{"gID":["GO:0009987"],"Edge":["GO:0008150"],"Name":["cellular process"],"Sig":["white"],"Link":[""],"gNum":[""],"FDR":[""]},{"gID":["GO:0071840"],"Edge":["GO:0008150"],"Name":["cellular component organization or biogenesis"],"Sig":["white"],"Link":[""],"gNum":[""],"FDR":[""]},{"gID":["GO:0043062"],"Edge":["GO:0016043","GO:0044763"],"Name":["extracellular structure organization"],"Sig":["red"],"Link":["results/pathway/hgsc/Project_node87genes_pos/Report_node87genes_pos.html#GO:0043062"],"gNum":["14"],"FDR":["4.17e-06"]},{"gID":["GO:0043933"],"Edge":["GO:0016043"],"Name":["macromolecular complex subunit organization"],"Sig":["white"],"Link":[""],"gNum":[""],"FDR":[""]},{"gID":["GO:0016043"],"Edge":["GO:0009987","GO:0071840"],"Name":["cellular component organization"],"Sig":["white"],"Link":[""],"gNum":[""],"FDR":[""]},{"gID":["GO:0044763"],"Edge":["GO:0009987","GO:0044699"],"Name":["single-organism cellular process"],"Sig":["white"],"Link":[""],"gNum":[""],"FDR":[""]},{"gID":["GO:0048856"],"Edge":["GO:0032502"],"Name":["anatomical structure development"],"Sig":["white"],"Link":[""],"gNum":[""],"FDR":[""]},{"gID":["GO:0008150"],"Edge":["NA",""],"Name":["biological_process"],"Sig":["white"],"Link":[""],"gNum":[""],"FDR":[""]},{"gID":["GO:0048869"],"Edge":["GO:0044763","GO:0044767"],"Name":["cellular developmental process"],"Sig":["white"],"Link":[""],"gNum":[""],"FDR":[""]},{"gID":["GO:0043170"],"Edge":["GO:0071704"],"Name":["macromolecule metabolic process"],"Sig":["white"],"Link":[""],"gNum":[""],"FDR":[""]},{"gID":["GO:0044238"],"Edge":["GO:0008152"],"Name":["primary metabolic process"],"Sig":["white"],"Link":[""],"gNum":[""],"FDR":[""]},{"gID":["GO:0032502"],"Edge":["GO:0008150"],"Name":["developmental process"],"Sig":["white"],"Link":[""],"gNum":[""],"FDR":[""]},{"gID":["GO:0009653"],"Edge":["GO:0032502","GO:0048856"],"Name":["anatomical structure morphogenesis"],"Sig":["white"],"Link":[""],"gNum":[""],"FDR":[""]},{"gID":["GO:0048731"],"Edge":["GO:0007275","GO:0048856"],"Name":["system development"],"Sig":["white"],"Link":[""],"gNum":[""],"FDR":[""]},{"gID":["GO:0009888"],"Edge":["GO:0048856"],"Name":["tissue development"],"Sig":["white"],"Link":[""],"gNum":[""],"FDR":[""]},{"gID":["GO:0009790"],"Edge":["GO:0007275"],"Name":["embryo development"],"Sig":["white"],"Link":[""],"gNum":[""],"FDR":[""]},{"gID":["GO:0044767"],"Edge":["GO:0032502","GO:0044699"],"Name":["single-organism developmental process"],"Sig":["white"],"Link":[""],"gNum":[""],"FDR":[""]},{"gID":["GO:0009987"],"Edge":["GO:0008150"],"Name":["cellular process"],"Sig":["white"],"Link":[""],"gNum":[""],"FDR":[""]},{"gID":["GO:0071840"],"Edge":["GO:0008150"],"Name":["cellular component organization or biogenesis"],"Sig":["white"],"Link":[""],"gNum":[""],"FDR":[""]},{"gID":["GO:0044699"],"Edge":["GO:0008150"],"Name":["single-organism process"],"Sig":["white"],"Link":[""],"gNum":[""],"FDR":[""]},{"gID":["GO:0044763"],"Edge":["GO:0009987","GO:0044699"],"Name":["single-organism cellular process"],"Sig":["white"],"Link":[""],"gNum":[""],"FDR":[""]},{"gID":["GO:0071704"],"Edge":["GO:0008152"],"Name":["organic substance metabolic process"],"Sig":["white"],"Link":[""],"gNum":[""],"FDR":[""]},{"gID":["GO:0008152"],"Edge":["GO:0008150"],"Name":["metabolic process"],"Sig":["white"],"Link":[""],"gNum":[""],"FDR":[""]},{"gID":["GO:0008150"],"Edge":["NA",""],"Name":["biological_process"],"Sig":["white"],"Link":[""],"gNum":[""],"FDR":[""]},{"gID":["GO:0032502"],"Edge":["GO:0008150"],"Name":["developmental process"],"Sig":["white"],"Link":[""],"gNum":[""],"FDR":[""]},{"gID":["GO:0048856"],"Edge":["GO:0032502"],"Name":["anatomical structure development"],"Sig":["white"],"Link":[""],"gNum":[""],"FDR":[""]},{"gID":["GO:0007275"],"Edge":["GO:0044707","GO:0044767","GO:0048856"],"Name":["multicellular organism development"],"Sig":["white"],"Link":[""],"gNum":[""],"FDR":[""]},{"gID":["GO:0009987"],"Edge":["GO:0008150"],"Name":["cellular process"],"Sig":["white"],"Link":[""],"gNum":[""],"FDR":[""]},{"gID":["GO:0044699"],"Edge":["GO:0008150"],"Name":["single-organism process"],"Sig":["white"],"Link":[""],"gNum":[""],"FDR":[""]},{"gID":["GO:0008150"],"Edge":["NA",""],"Name":["biological_process"],"Sig":["white"],"Link":[""],"gNum":[""],"FDR":[""]},{"gID":["GO:0032502"],"Edge":["GO:0008150"],"Name":["developmental process"],"Sig":["white"],"Link":[""],"gNum":[""],"FDR":[""]},{"gID":["GO:0044707"],"Edge":["GO:0032501","GO:0044699"],"Name":["single-multicellular organism process"],"Sig":["white"],"Link":[""],"gNum":[""],"FDR":[""]},{"gID":["GO:0044767"],"Edge":["GO:0032502","GO:0044699"],"Name":["single-organism developmental process"],"Sig":["white"],"Link":[""],"gNum":[""],"FDR":[""]},{"gID":["GO:0048856"],"Edge":["GO:0032502"],"Name":["anatomical structure development"],"Sig":["white"],"Link":[""],"gNum":[""],"FDR":[""]},{"gID":["GO:0008150"],"Edge":["NA",""],"Name":["biological_process"],"Sig":["white"],"Link":[""],"gNum":[""],"FDR":[""]},{"gID":["GO:0032501"],"Edge":["GO:0008150"],"Name":["multicellular organismal process"],"Sig":["white"],"Link":[""],"gNum":[""],"FDR":[""]},{"gID":["GO:0044699"],"Edge":["GO:0008150"],"Name":["single-organism process"],"Sig":["white"],"Link":[""],"gNum":[""],"FDR":[""]},{"gID":["GO:0032502"],"Edge":["GO:0008150"],"Name":["developmental process"],"Sig":["white"],"Link":[""],"gNum":[""],"FDR":[""]},{"gID":["GO:0008150"],"Edge":["NA",""],"Name":["biological_process"],"Sig":["white"],"Link":[""],"gNum":[""],"FDR":[""]}]}]
