[{"id":"Project_node79genes_neg_.json","reports":[{"gID":["GO:0052697"],"Edge":["GO:0006805","GO:0052695"],"Name":["xenobiotic glucuronidation"],"Sig":["red"],"Link":["results/pathway/hgsc/Project_node79genes_neg/Report_node79genes_neg.html#GO:0052697"],"gNum":["6"],"FDR":["2.06e-09"]},{"gID":["GO:0051552"],"Edge":["GO:0009812","GO:0042440"],"Name":["flavone metabolic process"],"Sig":["red"],"Link":["results/pathway/hgsc/Project_node79genes_neg/Report_node79genes_neg.html#GO:0051552"],"gNum":["5"],"FDR":["1.61e-07"]},{"gID":["GO:0006063"],"Edge":["GO:0005996","GO:0032787"],"Name":["uronic acid metabolic process"],"Sig":["red"],"Link":["results/pathway/hgsc/Project_node79genes_neg/Report_node79genes_neg.html#GO:0006063"],"gNum":["6"],"FDR":["3.77e-07"]},{"gID":["GO:0019585"],"Edge":["GO:0006063"],"Name":["glucuronate metabolic process"],"Sig":["red"],"Link":["results/pathway/hgsc/Project_node79genes_neg/Report_node79genes_neg.html#GO:0019585"],"gNum":["6"],"FDR":["3.77e-07"]},{"gID":["GO:0052695"],"Edge":["GO:0019585"],"Name":["cellular glucuronidation"],"Sig":["red"],"Link":["results/pathway/hgsc/Project_node79genes_neg/Report_node79genes_neg.html#GO:0052695"],"gNum":["6"],"FDR":["3.77e-07"]},{"gID":["GO:0052696"],"Edge":["GO:0009812","GO:0052695"],"Name":["flavonoid glucuronidation"],"Sig":["red"],"Link":["results/pathway/hgsc/Project_node79genes_neg/Report_node79genes_neg.html#GO:0052696"],"gNum":["6"],"FDR":["3.77e-07"]},{"gID":["GO:0042573"],"Edge":["GO:0001523","GO:0032787","GO:0034754"],"Name":["retinoic acid metabolic process"],"Sig":["red"],"Link":["results/pathway/hgsc/Project_node79genes_neg/Report_node79genes_neg.html#GO:0042573"],"gNum":["6"],"FDR":["7.43e-07"]},{"gID":["GO:0009812"],"Edge":["GO:0071704"],"Name":["flavonoid metabolic process"],"Sig":["red"],"Link":["results/pathway/hgsc/Project_node79genes_neg/Report_node79genes_neg.html#GO:0009812"],"gNum":["6"],"FDR":["9.46e-07"]},{"gID":["GO:0034754"],"Edge":["GO:0042445","GO:0044237"],"Name":["cellular hormone metabolic process"],"Sig":["red"],"Link":["results/pathway/hgsc/Project_node79genes_neg/Report_node79genes_neg.html#GO:0034754"],"gNum":["8"],"FDR":["9.93e-07"]},{"gID":["GO:0001523"],"Edge":["GO:0016101"],"Name":["retinoid metabolic process"],"Sig":["red"],"Link":["results/pathway/hgsc/Project_node79genes_neg/Report_node79genes_neg.html#GO:0001523"],"gNum":["7"],"FDR":["1.48e-05"]},{"gID":["GO:0016101"],"Edge":["GO:0006721"],"Name":["diterpenoid metabolic process"],"Sig":["red"],"Link":["results/pathway/hgsc/Project_node79genes_neg/Report_node79genes_neg.html#GO:0016101"],"gNum":["7"],"FDR":["2.03e-05"]},{"gID":["GO:0006721"],"Edge":["GO:0006720"],"Name":["terpenoid metabolic process"],"Sig":["red"],"Link":["results/pathway/hgsc/Project_node79genes_neg/Report_node79genes_neg.html#GO:0006721"],"gNum":["7"],"FDR":["3.95e-05"]},{"gID":["GO:0042440"],"Edge":["GO:0044710"],"Name":["pigment metabolic process"],"Sig":["red"],"Link":["results/pathway/hgsc/Project_node79genes_neg/Report_node79genes_neg.html#GO:0042440"],"gNum":["5"],"FDR":["4.27e-05"]},{"gID":["GO:0006720"],"Edge":["GO:0044255"],"Name":["isoprenoid metabolic process"],"Sig":["red"],"Link":["results/pathway/hgsc/Project_node79genes_neg/Report_node79genes_neg.html#GO:0006720"],"gNum":["7"],"FDR":["4.27e-05"]},{"gID":["GO:0042445"],"Edge":["GO:0008152","GO:0010817"],"Name":["hormone metabolic process"],"Sig":["red"],"Link":["results/pathway/hgsc/Project_node79genes_neg/Report_node79genes_neg.html#GO:0042445"],"gNum":["8"],"FDR":["7e-05"]},{"gID":["GO:0009813"],"Edge":["GO:0009812","GO:1901576"],"Name":["flavonoid biosynthetic process"],"Sig":["red"],"Link":["results/pathway/hgsc/Project_node79genes_neg/Report_node79genes_neg.html#GO:0009813"],"gNum":["4"],"FDR":["5.63e-04"]},{"gID":["GO:0006805"],"Edge":["GO:0044237","GO:0071466"],"Name":["xenobiotic metabolic process"],"Sig":["red"],"Link":["results/pathway/hgsc/Project_node79genes_neg/Report_node79genes_neg.html#GO:0006805"],"gNum":["6"],"FDR":["7.85e-04"]},{"gID":["GO:0071466"],"Edge":["GO:0009410","GO:0070887"],"Name":["cellular response to xenobiotic stimulus"],"Sig":["red"],"Link":["results/pathway/hgsc/Project_node79genes_neg/Report_node79genes_neg.html#GO:0071466"],"gNum":["6"],"FDR":["7.85e-04"]},{"gID":["GO:0009410"],"Edge":["GO:0042221"],"Name":["response to xenobiotic stimulus"],"Sig":["red"],"Link":["results/pathway/hgsc/Project_node79genes_neg/Report_node79genes_neg.html#GO:0009410"],"gNum":["6"],"FDR":["8.98e-04"]},{"gID":["GO:0005996"],"Edge":["GO:0044281","GO:0044723"],"Name":["monosaccharide metabolic process"],"Sig":["red"],"Link":["results/pathway/hgsc/Project_node79genes_neg/Report_node79genes_neg.html#GO:0005996"],"gNum":["6"],"FDR":["2.36e-03"]},{"gID":["GO:0032787"],"Edge":["GO:0019752"],"Name":["monocarboxylic acid metabolic process"],"Sig":["white"],"Link":[""],"gNum":[""],"FDR":[""]},{"gID":["GO:0006063"],"Edge":["GO:0005996","GO:0032787"],"Name":["uronic acid metabolic process"],"Sig":["red"],"Link":["results/pathway/hgsc/Project_node79genes_neg/Report_node79genes_neg.html#GO:0006063"],"gNum":["6"],"FDR":["3.77e-07"]},{"gID":["GO:0019585"],"Edge":["GO:0006063"],"Name":["glucuronate metabolic process"],"Sig":["red"],"Link":["results/pathway/hgsc/Project_node79genes_neg/Report_node79genes_neg.html#GO:0019585"],"gNum":["6"],"FDR":["3.77e-07"]},{"gID":["GO:0052695"],"Edge":["GO:0019585"],"Name":["cellular glucuronidation"],"Sig":["red"],"Link":["results/pathway/hgsc/Project_node79genes_neg/Report_node79genes_neg.html#GO:0052695"],"gNum":["6"],"FDR":["3.77e-07"]},{"gID":["GO:0071704"],"Edge":["GO:0008152"],"Name":["organic substance metabolic process"],"Sig":["white"],"Link":[""],"gNum":[""],"FDR":[""]},{"gID":["GO:0044237"],"Edge":["GO:0008152","GO:0009987"],"Name":["cellular metabolic process"],"Sig":["white"],"Link":[""],"gNum":[""],"FDR":[""]},{"gID":["GO:0044710"],"Edge":["GO:0008152","GO:0044699"],"Name":["single-organism metabolic process"],"Sig":["white"],"Link":[""],"gNum":[""],"FDR":[""]},{"gID":["GO:0044255"],"Edge":["GO:0006629","GO:0044237","GO:0044763"],"Name":["cellular lipid metabolic process"],"Sig":["white"],"Link":[""],"gNum":[""],"FDR":[""]},{"gID":["GO:0008152"],"Edge":["GO:0008150"],"Name":["metabolic process"],"Sig":["white"],"Link":[""],"gNum":[""],"FDR":[""]},{"gID":["GO:0010817"],"Edge":["GO:0065008"],"Name":["regulation of hormone levels"],"Sig":["white"],"Link":[""],"gNum":[""],"FDR":[""]},{"gID":["GO:0009812"],"Edge":["GO:0071704"],"Name":["flavonoid metabolic process"],"Sig":["red"],"Link":["results/pathway/hgsc/Project_node79genes_neg/Report_node79genes_neg.html#GO:0009812"],"gNum":["6"],"FDR":["9.46e-07"]},{"gID":["GO:1901576"],"Edge":["GO:0009058","GO:0071704"],"Name":["organic substance biosynthetic process"],"Sig":["white"],"Link":[""],"gNum":[""],"FDR":[""]},{"gID":["GO:0070887"],"Edge":["GO:0042221","GO:0051716"],"Name":["cellular response to chemical stimulus"],"Sig":["white"],"Link":[""],"gNum":[""],"FDR":[""]},{"gID":["GO:0042221"],"Edge":["GO:0050896"],"Name":["response to chemical"],"Sig":["white"],"Link":[""],"gNum":[""],"FDR":[""]},{"gID":["GO:0044281"],"Edge":["GO:0044710"],"Name":["small molecule metabolic process"],"Sig":["white"],"Link":[""],"gNum":[""],"FDR":[""]},{"gID":["GO:0044723"],"Edge":["GO:0005975","GO:0044710"],"Name":["single-organism carbohydrate metabolic process"],"Sig":["white"],"Link":[""],"gNum":[""],"FDR":[""]},{"gID":["GO:0019752"],"Edge":["GO:0043436"],"Name":["carboxylic acid metabolic process"],"Sig":["white"],"Link":[""],"gNum":[""],"FDR":[""]},{"gID":["GO:0005996"],"Edge":["GO:0044281","GO:0044723"],"Name":["monosaccharide metabolic process"],"Sig":["red"],"Link":["results/pathway/hgsc/Project_node79genes_neg/Report_node79genes_neg.html#GO:0005996"],"gNum":["6"],"FDR":["2.36e-03"]},{"gID":["GO:0032787"],"Edge":["GO:0019752"],"Name":["monocarboxylic acid metabolic process"],"Sig":["white"],"Link":[""],"gNum":[""],"FDR":[""]},{"gID":["GO:0006063"],"Edge":["GO:0005996","GO:0032787"],"Name":["uronic acid metabolic process"],"Sig":["red"],"Link":["results/pathway/hgsc/Project_node79genes_neg/Report_node79genes_neg.html#GO:0006063"],"gNum":["6"],"FDR":["3.77e-07"]},{"gID":["GO:0019585"],"Edge":["GO:0006063"],"Name":["glucuronate metabolic process"],"Sig":["red"],"Link":["results/pathway/hgsc/Project_node79genes_neg/Report_node79genes_neg.html#GO:0019585"],"gNum":["6"],"FDR":["3.77e-07"]},{"gID":["GO:0009987"],"Edge":["GO:0008150"],"Name":["cellular process"],"Sig":["white"],"Link":[""],"gNum":[""],"FDR":[""]},{"gID":["GO:0044699"],"Edge":["GO:0008150"],"Name":["single-organism process"],"Sig":["white"],"Link":[""],"gNum":[""],"FDR":[""]},{"gID":["GO:0006629"],"Edge":["GO:0044238","GO:0044710","GO:0071704"],"Name":["lipid metabolic process"],"Sig":["white"],"Link":[""],"gNum":[""],"FDR":[""]},{"gID":["GO:0044237"],"Edge":["GO:0008152","GO:0009987"],"Name":["cellular metabolic process"],"Sig":["white"],"Link":[""],"gNum":[""],"FDR":[""]},{"gID":["GO:0044763"],"Edge":["GO:0009987","GO:0044699"],"Name":["single-organism cellular process"],"Sig":["white"],"Link":[""],"gNum":[""],"FDR":[""]},{"gID":["GO:0008150"],"Edge":["NA",""],"Name":["biological_process"],"Sig":["white"],"Link":[""],"gNum":[""],"FDR":[""]},{"gID":["GO:0065008"],"Edge":["GO:0065007"],"Name":["regulation of biological quality"],"Sig":["white"],"Link":[""],"gNum":[""],"FDR":[""]},{"gID":["GO:0071704"],"Edge":["GO:0008152"],"Name":["organic substance metabolic process"],"Sig":["white"],"Link":[""],"gNum":[""],"FDR":[""]},{"gID":["GO:0009058"],"Edge":["GO:0008152"],"Name":["biosynthetic process"],"Sig":["white"],"Link":[""],"gNum":[""],"FDR":[""]},{"gID":["GO:0051716"],"Edge":["GO:0009987","GO:0050896"],"Name":["cellular response to stimulus"],"Sig":["white"],"Link":[""],"gNum":[""],"FDR":[""]},{"gID":["GO:0050896"],"Edge":["GO:0008150"],"Name":["response to stimulus"],"Sig":["white"],"Link":[""],"gNum":[""],"FDR":[""]},{"gID":["GO:0044710"],"Edge":["GO:0008152","GO:0044699"],"Name":["single-organism metabolic process"],"Sig":["white"],"Link":[""],"gNum":[""],"FDR":[""]},{"gID":["GO:0005975"],"Edge":["GO:0044238","GO:0071704"],"Name":["carbohydrate metabolic process"],"Sig":["white"],"Link":[""],"gNum":[""],"FDR":[""]},{"gID":["GO:0043436"],"Edge":["GO:0006082"],"Name":["oxoacid metabolic process"],"Sig":["white"],"Link":[""],"gNum":[""],"FDR":[""]},{"gID":["GO:0044281"],"Edge":["GO:0044710"],"Name":["small molecule metabolic process"],"Sig":["white"],"Link":[""],"gNum":[""],"FDR":[""]},{"gID":["GO:0044723"],"Edge":["GO:0005975","GO:0044710"],"Name":["single-organism carbohydrate metabolic process"],"Sig":["white"],"Link":[""],"gNum":[""],"FDR":[""]},{"gID":["GO:0019752"],"Edge":["GO:0043436"],"Name":["carboxylic acid metabolic process"],"Sig":["white"],"Link":[""],"gNum":[""],"FDR":[""]},{"gID":["GO:0005996"],"Edge":["GO:0044281","GO:0044723"],"Name":["monosaccharide metabolic process"],"Sig":["red"],"Link":["results/pathway/hgsc/Project_node79genes_neg/Report_node79genes_neg.html#GO:0005996"],"gNum":["6"],"FDR":["2.36e-03"]},{"gID":["GO:0032787"],"Edge":["GO:0019752"],"Name":["monocarboxylic acid metabolic process"],"Sig":["white"],"Link":[""],"gNum":[""],"FDR":[""]},{"gID":["GO:0006063"],"Edge":["GO:0005996","GO:0032787"],"Name":["uronic acid metabolic process"],"Sig":["red"],"Link":["results/pathway/hgsc/Project_node79genes_neg/Report_node79genes_neg.html#GO:0006063"],"gNum":["6"],"FDR":["3.77e-07"]},{"gID":["GO:0044238"],"Edge":["GO:0008152"],"Name":["primary metabolic process"],"Sig":["white"],"Link":[""],"gNum":[""],"FDR":[""]},{"gID":["GO:0008152"],"Edge":["GO:0008150"],"Name":["metabolic process"],"Sig":["white"],"Link":[""],"gNum":[""],"FDR":[""]},{"gID":["GO:0009987"],"Edge":["GO:0008150"],"Name":["cellular process"],"Sig":["white"],"Link":[""],"gNum":[""],"FDR":[""]},{"gID":["GO:0044699"],"Edge":["GO:0008150"],"Name":["single-organism process"],"Sig":["white"],"Link":[""],"gNum":[""],"FDR":[""]},{"gID":["GO:0065007"],"Edge":["GO:0008150"],"Name":["biological regulation"],"Sig":["white"],"Link":[""],"gNum":[""],"FDR":[""]},{"gID":["GO:0008150"],"Edge":["NA",""],"Name":["biological_process"],"Sig":["white"],"Link":[""],"gNum":[""],"FDR":[""]},{"gID":["GO:0071704"],"Edge":["GO:0008152"],"Name":["organic substance metabolic process"],"Sig":["white"],"Link":[""],"gNum":[""],"FDR":[""]},{"gID":["GO:0006082"],"Edge":["GO:0044237","GO:0044281","GO:0044763","GO:0071704"],"Name":["organic acid metabolic process"],"Sig":["white"],"Link":[""],"gNum":[""],"FDR":[""]},{"gID":["GO:0044710"],"Edge":["GO:0008152","GO:0044699"],"Name":["single-organism metabolic process"],"Sig":["white"],"Link":[""],"gNum":[""],"FDR":[""]},{"gID":["GO:0005975"],"Edge":["GO:0044238","GO:0071704"],"Name":["carbohydrate metabolic process"],"Sig":["white"],"Link":[""],"gNum":[""],"FDR":[""]},{"gID":["GO:0043436"],"Edge":["GO:0006082"],"Name":["oxoacid metabolic process"],"Sig":["white"],"Link":[""],"gNum":[""],"FDR":[""]},{"gID":["GO:0044281"],"Edge":["GO:0044710"],"Name":["small molecule metabolic process"],"Sig":["white"],"Link":[""],"gNum":[""],"FDR":[""]},{"gID":["GO:0044723"],"Edge":["GO:0005975","GO:0044710"],"Name":["single-organism carbohydrate metabolic process"],"Sig":["white"],"Link":[""],"gNum":[""],"FDR":[""]},{"gID":["GO:0019752"],"Edge":["GO:0043436"],"Name":["carboxylic acid metabolic process"],"Sig":["white"],"Link":[""],"gNum":[""],"FDR":[""]},{"gID":["GO:0005996"],"Edge":["GO:0044281","GO:0044723"],"Name":["monosaccharide metabolic process"],"Sig":["red"],"Link":["results/pathway/hgsc/Project_node79genes_neg/Report_node79genes_neg.html#GO:0005996"],"gNum":["6"],"FDR":["2.36e-03"]},{"gID":["GO:0032787"],"Edge":["GO:0019752"],"Name":["monocarboxylic acid metabolic process"],"Sig":["white"],"Link":[""],"gNum":[""],"FDR":[""]},{"gID":["GO:0008152"],"Edge":["GO:0008150"],"Name":["metabolic process"],"Sig":["white"],"Link":[""],"gNum":[""],"FDR":[""]},{"gID":["GO:0044237"],"Edge":["GO:0008152","GO:0009987"],"Name":["cellular metabolic process"],"Sig":["white"],"Link":[""],"gNum":[""],"FDR":[""]},{"gID":["GO:0044763"],"Edge":["GO:0009987","GO:0044699"],"Name":["single-organism cellular process"],"Sig":["white"],"Link":[""],"gNum":[""],"FDR":[""]},{"gID":["GO:0071704"],"Edge":["GO:0008152"],"Name":["organic substance metabolic process"],"Sig":["white"],"Link":[""],"gNum":[""],"FDR":[""]},{"gID":["GO:0044699"],"Edge":["GO:0008150"],"Name":["single-organism process"],"Sig":["white"],"Link":[""],"gNum":[""],"FDR":[""]},{"gID":["GO:0044238"],"Edge":["GO:0008152"],"Name":["primary metabolic process"],"Sig":["white"],"Link":[""],"gNum":[""],"FDR":[""]},{"gID":["GO:0006082"],"Edge":["GO:0044237","GO:0044281","GO:0044763","GO:0071704"],"Name":["organic acid metabolic process"],"Sig":["white"],"Link":[""],"gNum":[""],"FDR":[""]},{"gID":["GO:0044710"],"Edge":["GO:0008152","GO:0044699"],"Name":["single-organism metabolic process"],"Sig":["white"],"Link":[""],"gNum":[""],"FDR":[""]},{"gID":["GO:0005975"],"Edge":["GO:0044238","GO:0071704"],"Name":["carbohydrate metabolic process"],"Sig":["white"],"Link":[""],"gNum":[""],"FDR":[""]},{"gID":["GO:0043436"],"Edge":["GO:0006082"],"Name":["oxoacid metabolic process"],"Sig":["white"],"Link":[""],"gNum":[""],"FDR":[""]},{"gID":["GO:0044281"],"Edge":["GO:0044710"],"Name":["small molecule metabolic process"],"Sig":["white"],"Link":[""],"gNum":[""],"FDR":[""]},{"gID":["GO:0044723"],"Edge":["GO:0005975","GO:0044710"],"Name":["single-organism carbohydrate metabolic process"],"Sig":["white"],"Link":[""],"gNum":[""],"FDR":[""]},{"gID":["GO:0019752"],"Edge":["GO:0043436"],"Name":["carboxylic acid metabolic process"],"Sig":["white"],"Link":[""],"gNum":[""],"FDR":[""]},{"gID":["GO:0008150"],"Edge":["NA",""],"Name":["biological_process"],"Sig":["white"],"Link":[""],"gNum":[""],"FDR":[""]},{"gID":["GO:0008152"],"Edge":["GO:0008150"],"Name":["metabolic process"],"Sig":["white"],"Link":[""],"gNum":[""],"FDR":[""]},{"gID":["GO:0009987"],"Edge":["GO:0008150"],"Name":["cellular process"],"Sig":["white"],"Link":[""],"gNum":[""],"FDR":[""]},{"gID":["GO:0044237"],"Edge":["GO:0008152","GO:0009987"],"Name":["cellular metabolic process"],"Sig":["white"],"Link":[""],"gNum":[""],"FDR":[""]},{"gID":["GO:0044763"],"Edge":["GO:0009987","GO:0044699"],"Name":["single-organism cellular process"],"Sig":["white"],"Link":[""],"gNum":[""],"FDR":[""]},{"gID":["GO:0071704"],"Edge":["GO:0008152"],"Name":["organic substance metabolic process"],"Sig":["white"],"Link":[""],"gNum":[""],"FDR":[""]},{"gID":["GO:0044699"],"Edge":["GO:0008150"],"Name":["single-organism process"],"Sig":["white"],"Link":[""],"gNum":[""],"FDR":[""]},{"gID":["GO:0044238"],"Edge":["GO:0008152"],"Name":["primary metabolic process"],"Sig":["white"],"Link":[""],"gNum":[""],"FDR":[""]},{"gID":["GO:0006082"],"Edge":["GO:0044237","GO:0044281","GO:0044763","GO:0071704"],"Name":["organic acid metabolic process"],"Sig":["white"],"Link":[""],"gNum":[""],"FDR":[""]},{"gID":["GO:0044710"],"Edge":["GO:0008152","GO:0044699"],"Name":["single-organism metabolic process"],"Sig":["white"],"Link":[""],"gNum":[""],"FDR":[""]},{"gID":["GO:0005975"],"Edge":["GO:0044238","GO:0071704"],"Name":["carbohydrate metabolic process"],"Sig":["white"],"Link":[""],"gNum":[""],"FDR":[""]},{"gID":["GO:0043436"],"Edge":["GO:0006082"],"Name":["oxoacid metabolic process"],"Sig":["white"],"Link":[""],"gNum":[""],"FDR":[""]},{"gID":["GO:0008150"],"Edge":["NA",""],"Name":["biological_process"],"Sig":["white"],"Link":[""],"gNum":[""],"FDR":[""]},{"gID":["GO:0008152"],"Edge":["GO:0008150"],"Name":["metabolic process"],"Sig":["white"],"Link":[""],"gNum":[""],"FDR":[""]},{"gID":["GO:0009987"],"Edge":["GO:0008150"],"Name":["cellular process"],"Sig":["white"],"Link":[""],"gNum":[""],"FDR":[""]},{"gID":["GO:0044237"],"Edge":["GO:0008152","GO:0009987"],"Name":["cellular metabolic process"],"Sig":["white"],"Link":[""],"gNum":[""],"FDR":[""]},{"gID":["GO:0044281"],"Edge":["GO:0044710"],"Name":["small molecule metabolic process"],"Sig":["white"],"Link":[""],"gNum":[""],"FDR":[""]},{"gID":["GO:0044763"],"Edge":["GO:0009987","GO:0044699"],"Name":["single-organism cellular process"],"Sig":["white"],"Link":[""],"gNum":[""],"FDR":[""]},{"gID":["GO:0071704"],"Edge":["GO:0008152"],"Name":["organic substance metabolic process"],"Sig":["white"],"Link":[""],"gNum":[""],"FDR":[""]},{"gID":["GO:0044699"],"Edge":["GO:0008150"],"Name":["single-organism process"],"Sig":["white"],"Link":[""],"gNum":[""],"FDR":[""]},{"gID":["GO:0044238"],"Edge":["GO:0008152"],"Name":["primary metabolic process"],"Sig":["white"],"Link":[""],"gNum":[""],"FDR":[""]},{"gID":["GO:0006082"],"Edge":["GO:0044237","GO:0044281","GO:0044763","GO:0071704"],"Name":["organic acid metabolic process"],"Sig":["white"],"Link":[""],"gNum":[""],"FDR":[""]},{"gID":["GO:0008150"],"Edge":["NA",""],"Name":["biological_process"],"Sig":["white"],"Link":[""],"gNum":[""],"FDR":[""]},{"gID":["GO:0008152"],"Edge":["GO:0008150"],"Name":["metabolic process"],"Sig":["white"],"Link":[""],"gNum":[""],"FDR":[""]},{"gID":["GO:0009987"],"Edge":["GO:0008150"],"Name":["cellular process"],"Sig":["white"],"Link":[""],"gNum":[""],"FDR":[""]},{"gID":["GO:0044710"],"Edge":["GO:0008152","GO:0044699"],"Name":["single-organism metabolic process"],"Sig":["white"],"Link":[""],"gNum":[""],"FDR":[""]},{"gID":["GO:0044237"],"Edge":["GO:0008152","GO:0009987"],"Name":["cellular metabolic process"],"Sig":["white"],"Link":[""],"gNum":[""],"FDR":[""]},{"gID":["GO:0044281"],"Edge":["GO:0044710"],"Name":["small molecule metabolic process"],"Sig":["white"],"Link":[""],"gNum":[""],"FDR":[""]},{"gID":["GO:0044763"],"Edge":["GO:0009987","GO:0044699"],"Name":["single-organism cellular process"],"Sig":["white"],"Link":[""],"gNum":[""],"FDR":[""]},{"gID":["GO:0071704"],"Edge":["GO:0008152"],"Name":["organic substance metabolic process"],"Sig":["white"],"Link":[""],"gNum":[""],"FDR":[""]},{"gID":["GO:0008150"],"Edge":["NA",""],"Name":["biological_process"],"Sig":["white"],"Link":[""],"gNum":[""],"FDR":[""]},{"gID":["GO:0008152"],"Edge":["GO:0008150"],"Name":["metabolic process"],"Sig":["white"],"Link":[""],"gNum":[""],"FDR":[""]},{"gID":["GO:0044699"],"Edge":["GO:0008150"],"Name":["single-organism process"],"Sig":["white"],"Link":[""],"gNum":[""],"FDR":[""]},{"gID":["GO:0009987"],"Edge":["GO:0008150"],"Name":["cellular process"],"Sig":["white"],"Link":[""],"gNum":[""],"FDR":[""]},{"gID":["GO:0044710"],"Edge":["GO:0008152","GO:0044699"],"Name":["single-organism metabolic process"],"Sig":["white"],"Link":[""],"gNum":[""],"FDR":[""]},{"gID":["GO:0008150"],"Edge":["NA",""],"Name":["biological_process"],"Sig":["white"],"Link":[""],"gNum":[""],"FDR":[""]},{"gID":["GO:0008152"],"Edge":["GO:0008150"],"Name":["metabolic process"],"Sig":["white"],"Link":[""],"gNum":[""],"FDR":[""]},{"gID":["GO:0044699"],"Edge":["GO:0008150"],"Name":["single-organism process"],"Sig":["white"],"Link":[""],"gNum":[""],"FDR":[""]},{"gID":["GO:0008150"],"Edge":["NA",""],"Name":["biological_process"],"Sig":["white"],"Link":[""],"gNum":[""],"FDR":[""]}]}]
