[{"id":"Project_node53_pos_.json","reports":[{"gID":["GO:0048709"],"Edge":["GO:0007417","GO:0010001"],"Name":["oligodendrocyte differentiation"],"Sig":["red"],"Link":["results/pathway/skcm/Project_node53_pos/Report_node53_pos.html#GO:0048709"],"gNum":["6"],"FDR":["2.2e-03"]},{"gID":["GO:0007417"],"Edge":["GO:0007399","GO:0048731"],"Name":["central nervous system development"],"Sig":["red"],"Link":["results/pathway/skcm/Project_node53_pos/Report_node53_pos.html#GO:0007417"],"gNum":["13"],"FDR":["5.24e-03"]},{"gID":["GO:0042063"],"Edge":["GO:0022008"],"Name":["gliogenesis"],"Sig":["red"],"Link":["results/pathway/skcm/Project_node53_pos/Report_node53_pos.html#GO:0042063"],"gNum":["8"],"FDR":["5.24e-03"]},{"gID":["GO:0010001"],"Edge":["GO:0030154","GO:0042063"],"Name":["glial cell differentiation"],"Sig":["red"],"Link":["results/pathway/skcm/Project_node53_pos/Report_node53_pos.html#GO:0010001"],"gNum":["7"],"FDR":["7.62e-03"]},{"gID":["GO:0042552"],"Edge":["GO:0008366"],"Name":["myelination"],"Sig":["red"],"Link":["results/pathway/skcm/Project_node53_pos/Report_node53_pos.html#GO:0042552"],"gNum":["5"],"FDR":["1.86e-02"]},{"gID":["GO:0007272"],"Edge":["GO:0007399","GO:0044763"],"Name":["ensheathment of neurons"],"Sig":["red"],"Link":["results/pathway/skcm/Project_node53_pos/Report_node53_pos.html#GO:0007272"],"gNum":["5"],"FDR":["1.86e-02"]},{"gID":["GO:0008366"],"Edge":["GO:0007272"],"Name":["axon ensheathment"],"Sig":["red"],"Link":["results/pathway/skcm/Project_node53_pos/Report_node53_pos.html#GO:0008366"],"gNum":["5"],"FDR":["1.86e-02"]},{"gID":["GO:0007399"],"Edge":["GO:0048731"],"Name":["nervous system development"],"Sig":["white"],"Link":[""],"gNum":[""],"FDR":[""]},{"gID":["GO:0048731"],"Edge":["GO:0007275","GO:0048856"],"Name":["system development"],"Sig":["white"],"Link":[""],"gNum":[""],"FDR":[""]},{"gID":["GO:0022008"],"Edge":["GO:0007399","GO:0030154"],"Name":["neurogenesis"],"Sig":["white"],"Link":[""],"gNum":[""],"FDR":[""]},{"gID":["GO:0030154"],"Edge":["GO:0048869"],"Name":["cell differentiation"],"Sig":["white"],"Link":[""],"gNum":[""],"FDR":[""]},{"gID":["GO:0042063"],"Edge":["GO:0022008"],"Name":["gliogenesis"],"Sig":["red"],"Link":["results/pathway/skcm/Project_node53_pos/Report_node53_pos.html#GO:0042063"],"gNum":["8"],"FDR":["5.24e-03"]},{"gID":["GO:0044763"],"Edge":["GO:0009987","GO:0044699"],"Name":["single-organism cellular process"],"Sig":["white"],"Link":[""],"gNum":[""],"FDR":[""]},{"gID":["GO:0007272"],"Edge":["GO:0007399","GO:0044763"],"Name":["ensheathment of neurons"],"Sig":["red"],"Link":["results/pathway/skcm/Project_node53_pos/Report_node53_pos.html#GO:0007272"],"gNum":["5"],"FDR":["1.86e-02"]},{"gID":["GO:0007275"],"Edge":["GO:0044707","GO:0044767","GO:0048856"],"Name":["multicellular organism development"],"Sig":["white"],"Link":[""],"gNum":[""],"FDR":[""]},{"gID":["GO:0048856"],"Edge":["GO:0032502"],"Name":["anatomical structure development"],"Sig":["white"],"Link":[""],"gNum":[""],"FDR":[""]},{"gID":["GO:0007399"],"Edge":["GO:0048731"],"Name":["nervous system development"],"Sig":["white"],"Link":[""],"gNum":[""],"FDR":[""]},{"gID":["GO:0048869"],"Edge":["GO:0044763","GO:0044767"],"Name":["cellular developmental process"],"Sig":["white"],"Link":[""],"gNum":[""],"FDR":[""]},{"gID":["GO:0022008"],"Edge":["GO:0007399","GO:0030154"],"Name":["neurogenesis"],"Sig":["white"],"Link":[""],"gNum":[""],"FDR":[""]},{"gID":["GO:0009987"],"Edge":["GO:0008150"],"Name":["cellular process"],"Sig":["white"],"Link":[""],"gNum":[""],"FDR":[""]},{"gID":["GO:0044699"],"Edge":["GO:0008150"],"Name":["single-organism process"],"Sig":["white"],"Link":[""],"gNum":[""],"FDR":[""]},{"gID":["GO:0044763"],"Edge":["GO:0009987","GO:0044699"],"Name":["single-organism cellular process"],"Sig":["white"],"Link":[""],"gNum":[""],"FDR":[""]},{"gID":["GO:0044707"],"Edge":["GO:0032501","GO:0044699"],"Name":["single-multicellular organism process"],"Sig":["white"],"Link":[""],"gNum":[""],"FDR":[""]},{"gID":["GO:0044767"],"Edge":["GO:0032502","GO:0044699"],"Name":["single-organism developmental process"],"Sig":["white"],"Link":[""],"gNum":[""],"FDR":[""]},{"gID":["GO:0032502"],"Edge":["GO:0008150"],"Name":["developmental process"],"Sig":["white"],"Link":[""],"gNum":[""],"FDR":[""]},{"gID":["GO:0048731"],"Edge":["GO:0007275","GO:0048856"],"Name":["system development"],"Sig":["white"],"Link":[""],"gNum":[""],"FDR":[""]},{"gID":["GO:0007399"],"Edge":["GO:0048731"],"Name":["nervous system development"],"Sig":["white"],"Link":[""],"gNum":[""],"FDR":[""]},{"gID":["GO:0030154"],"Edge":["GO:0048869"],"Name":["cell differentiation"],"Sig":["white"],"Link":[""],"gNum":[""],"FDR":[""]},{"gID":["GO:0008150"],"Edge":["NA",""],"Name":["biological_process"],"Sig":["white"],"Link":[""],"gNum":[""],"FDR":[""]},{"gID":["GO:0009987"],"Edge":["GO:0008150"],"Name":["cellular process"],"Sig":["white"],"Link":[""],"gNum":[""],"FDR":[""]},{"gID":["GO:0044699"],"Edge":["GO:0008150"],"Name":["single-organism process"],"Sig":["white"],"Link":[""],"gNum":[""],"FDR":[""]},{"gID":["GO:0032501"],"Edge":["GO:0008150"],"Name":["multicellular organismal process"],"Sig":["white"],"Link":[""],"gNum":[""],"FDR":[""]},{"gID":["GO:0007275"],"Edge":["GO:0044707","GO:0044767","GO:0048856"],"Name":["multicellular organism development"],"Sig":["white"],"Link":[""],"gNum":[""],"FDR":[""]},{"gID":["GO:0048856"],"Edge":["GO:0032502"],"Name":["anatomical structure development"],"Sig":["white"],"Link":[""],"gNum":[""],"FDR":[""]},{"gID":["GO:0048731"],"Edge":["GO:0007275","GO:0048856"],"Name":["system development"],"Sig":["white"],"Link":[""],"gNum":[""],"FDR":[""]},{"gID":["GO:0048869"],"Edge":["GO:0044763","GO:0044767"],"Name":["cellular developmental process"],"Sig":["white"],"Link":[""],"gNum":[""],"FDR":[""]},{"gID":["GO:0008150"],"Edge":["NA",""],"Name":["biological_process"],"Sig":["white"],"Link":[""],"gNum":[""],"FDR":[""]},{"gID":["GO:0044707"],"Edge":["GO:0032501","GO:0044699"],"Name":["single-multicellular organism process"],"Sig":["white"],"Link":[""],"gNum":[""],"FDR":[""]},{"gID":["GO:0044767"],"Edge":["GO:0032502","GO:0044699"],"Name":["single-organism developmental process"],"Sig":["white"],"Link":[""],"gNum":[""],"FDR":[""]},{"gID":["GO:0032502"],"Edge":["GO:0008150"],"Name":["developmental process"],"Sig":["white"],"Link":[""],"gNum":[""],"FDR":[""]},{"gID":["GO:0007275"],"Edge":["GO:0044707","GO:0044767","GO:0048856"],"Name":["multicellular organism development"],"Sig":["white"],"Link":[""],"gNum":[""],"FDR":[""]},{"gID":["GO:0048856"],"Edge":["GO:0032502"],"Name":["anatomical structure development"],"Sig":["white"],"Link":[""],"gNum":[""],"FDR":[""]},{"gID":["GO:0044763"],"Edge":["GO:0009987","GO:0044699"],"Name":["single-organism cellular process"],"Sig":["white"],"Link":[""],"gNum":[""],"FDR":[""]},{"gID":["GO:0032501"],"Edge":["GO:0008150"],"Name":["multicellular organismal process"],"Sig":["white"],"Link":[""],"gNum":[""],"FDR":[""]},{"gID":["GO:0044699"],"Edge":["GO:0008150"],"Name":["single-organism process"],"Sig":["white"],"Link":[""],"gNum":[""],"FDR":[""]},{"gID":["GO:0008150"],"Edge":["NA",""],"Name":["biological_process"],"Sig":["white"],"Link":[""],"gNum":[""],"FDR":[""]},{"gID":["GO:0044707"],"Edge":["GO:0032501","GO:0044699"],"Name":["single-multicellular organism process"],"Sig":["white"],"Link":[""],"gNum":[""],"FDR":[""]},{"gID":["GO:0044767"],"Edge":["GO:0032502","GO:0044699"],"Name":["single-organism developmental process"],"Sig":["white"],"Link":[""],"gNum":[""],"FDR":[""]},{"gID":["GO:0032502"],"Edge":["GO:0008150"],"Name":["developmental process"],"Sig":["white"],"Link":[""],"gNum":[""],"FDR":[""]},{"gID":["GO:0009987"],"Edge":["GO:0008150"],"Name":["cellular process"],"Sig":["white"],"Link":[""],"gNum":[""],"FDR":[""]},{"gID":["GO:0032501"],"Edge":["GO:0008150"],"Name":["multicellular organismal process"],"Sig":["white"],"Link":[""],"gNum":[""],"FDR":[""]},{"gID":["GO:0044699"],"Edge":["GO:0008150"],"Name":["single-organism process"],"Sig":["white"],"Link":[""],"gNum":[""],"FDR":[""]},{"gID":["GO:0008150"],"Edge":["NA",""],"Name":["biological_process"],"Sig":["white"],"Link":[""],"gNum":[""],"FDR":[""]}]}]
