[{"id":"Project_node87genes_neg_.json","reports":[{"gID":["GO:0046415"],"Edge":["GO:0006082","GO:0072521"],"Name":["urate metabolic process"],"Sig":["red"],"Link":["results/pathway/hgsc/Project_node87genes_neg/Report_node87genes_neg.html#GO:0046415"],"gNum":["4"],"FDR":["1.53e-02"]},{"gID":["GO:0006082"],"Edge":["GO:0044237","GO:0044281","GO:0044763","GO:0071704"],"Name":["organic acid metabolic process"],"Sig":["white"],"Link":[""],"gNum":[""],"FDR":[""]},{"gID":["GO:0072521"],"Edge":["GO:0006725","GO:0034641","GO:0046483","GO:1901360","GO:1901564"],"Name":["purine-containing compound metabolic process"],"Sig":["white"],"Link":[""],"gNum":[""],"FDR":[""]},{"gID":["GO:0044237"],"Edge":["GO:0008152","GO:0009987"],"Name":["cellular metabolic process"],"Sig":["white"],"Link":[""],"gNum":[""],"FDR":[""]},{"gID":["GO:0044281"],"Edge":["GO:0044710"],"Name":["small molecule metabolic process"],"Sig":["white"],"Link":[""],"gNum":[""],"FDR":[""]},{"gID":["GO:0044763"],"Edge":["GO:0009987","GO:0044699"],"Name":["single-organism cellular process"],"Sig":["white"],"Link":[""],"gNum":[""],"FDR":[""]},{"gID":["GO:0071704"],"Edge":["GO:0008152"],"Name":["organic substance metabolic process"],"Sig":["white"],"Link":[""],"gNum":[""],"FDR":[""]},{"gID":["GO:0006725"],"Edge":["GO:0044237"],"Name":["cellular aromatic compound metabolic process"],"Sig":["white"],"Link":[""],"gNum":[""],"FDR":[""]},{"gID":["GO:0034641"],"Edge":["GO:0006807","GO:0044237"],"Name":["cellular nitrogen compound metabolic process"],"Sig":["white"],"Link":[""],"gNum":[""],"FDR":[""]},{"gID":["GO:0046483"],"Edge":["GO:0044237"],"Name":["heterocycle metabolic process"],"Sig":["white"],"Link":[""],"gNum":[""],"FDR":[""]},{"gID":["GO:1901360"],"Edge":["GO:0071704"],"Name":["organic cyclic compound metabolic process"],"Sig":["white"],"Link":[""],"gNum":[""],"FDR":[""]},{"gID":["GO:1901564"],"Edge":["GO:0006807","GO:0071704"],"Name":["organonitrogen compound metabolic process"],"Sig":["white"],"Link":[""],"gNum":[""],"FDR":[""]},{"gID":["GO:0008152"],"Edge":["GO:0008150"],"Name":["metabolic process"],"Sig":["white"],"Link":[""],"gNum":[""],"FDR":[""]},{"gID":["GO:0009987"],"Edge":["GO:0008150"],"Name":["cellular process"],"Sig":["white"],"Link":[""],"gNum":[""],"FDR":[""]},{"gID":["GO:0044710"],"Edge":["GO:0008152","GO:0044699"],"Name":["single-organism metabolic process"],"Sig":["white"],"Link":[""],"gNum":[""],"FDR":[""]},{"gID":["GO:0044699"],"Edge":["GO:0008150"],"Name":["single-organism process"],"Sig":["white"],"Link":[""],"gNum":[""],"FDR":[""]},{"gID":["GO:0044237"],"Edge":["GO:0008152","GO:0009987"],"Name":["cellular metabolic process"],"Sig":["white"],"Link":[""],"gNum":[""],"FDR":[""]},{"gID":["GO:0006807"],"Edge":["GO:0008152"],"Name":["nitrogen compound metabolic process"],"Sig":["white"],"Link":[""],"gNum":[""],"FDR":[""]},{"gID":["GO:0071704"],"Edge":["GO:0008152"],"Name":["organic substance metabolic process"],"Sig":["white"],"Link":[""],"gNum":[""],"FDR":[""]},{"gID":["GO:0008150"],"Edge":["NA",""],"Name":["biological_process"],"Sig":["white"],"Link":[""],"gNum":[""],"FDR":[""]},{"gID":["GO:0008152"],"Edge":["GO:0008150"],"Name":["metabolic process"],"Sig":["white"],"Link":[""],"gNum":[""],"FDR":[""]},{"gID":["GO:0009987"],"Edge":["GO:0008150"],"Name":["cellular process"],"Sig":["white"],"Link":[""],"gNum":[""],"FDR":[""]},{"gID":["GO:0008150"],"Edge":["NA",""],"Name":["biological_process"],"Sig":["white"],"Link":[""],"gNum":[""],"FDR":[""]}]}]
