[{"id":"Project_node66_pos_.json","reports":[{"gID":["GO:0030300"],"Edge":["GO:0030299","GO:0032374","GO:1904729"],"Name":["regulation of intestinal cholesterol absorption"],"Sig":["red"],"Link":["results/pathway/skcm/Project_node66_pos/Report_node66_pos.html#GO:0030300"],"gNum":["3"],"FDR":["3.05e-02"]},{"gID":["GO:1904729"],"Edge":["GO:0032368","GO:0098856","GO:1904478"],"Name":["regulation of intestinal lipid absorption"],"Sig":["red"],"Link":["results/pathway/skcm/Project_node66_pos/Report_node66_pos.html#GO:1904729"],"gNum":["3"],"FDR":["3.05e-02"]},{"gID":["GO:0006069"],"Edge":["GO:0006067","GO:0055114"],"Name":["ethanol oxidation"],"Sig":["red"],"Link":["results/pathway/skcm/Project_node66_pos/Report_node66_pos.html#GO:0006069"],"gNum":["3"],"FDR":["4.04e-02"]},{"gID":["GO:1904478"],"Edge":["GO:0044058","GO:0050892","GO:0051049"],"Name":["regulation of intestinal absorption"],"Sig":["red"],"Link":["results/pathway/skcm/Project_node66_pos/Report_node66_pos.html#GO:1904478"],"gNum":["3"],"FDR":["4.04e-02"]},{"gID":["GO:0032371"],"Edge":["GO:0015918","GO:0032368"],"Name":["regulation of sterol transport"],"Sig":["red"],"Link":["results/pathway/skcm/Project_node66_pos/Report_node66_pos.html#GO:0032371"],"gNum":["4"],"FDR":["4.04e-02"]},{"gID":["GO:0032374"],"Edge":["GO:0030301","GO:0032371"],"Name":["regulation of cholesterol transport"],"Sig":["red"],"Link":["results/pathway/skcm/Project_node66_pos/Report_node66_pos.html#GO:0032374"],"gNum":["4"],"FDR":["4.04e-02"]},{"gID":["GO:0016042"],"Edge":["GO:0006629","GO:0044712","GO:1901575"],"Name":["lipid catabolic process"],"Sig":["red"],"Link":["results/pathway/skcm/Project_node66_pos/Report_node66_pos.html#GO:0016042"],"gNum":["7"],"FDR":["4.04e-02"]},{"gID":["GO:0006067"],"Edge":["GO:0034308"],"Name":["ethanol metabolic process"],"Sig":["red"],"Link":["results/pathway/skcm/Project_node66_pos/Report_node66_pos.html#GO:0006067"],"gNum":["3"],"FDR":["4.18e-02"]},{"gID":["GO:0030299"],"Edge":["GO:0030301","GO:0044241","GO:0098856"],"Name":["intestinal cholesterol absorption"],"Sig":["red"],"Link":["results/pathway/skcm/Project_node66_pos/Report_node66_pos.html#GO:0030299"],"gNum":["3"],"FDR":["4.98e-02"]},{"gID":["GO:0098856"],"Edge":["GO:0006869","GO:0044707","GO:0050892"],"Name":["intestinal lipid absorption"],"Sig":["red"],"Link":["results/pathway/skcm/Project_node66_pos/Report_node66_pos.html#GO:0098856"],"gNum":["3"],"FDR":["4.98e-02"]},{"gID":["GO:0032368"],"Edge":["GO:0006869","GO:0051049"],"Name":["regulation of lipid transport"],"Sig":["white"],"Link":[""],"gNum":[""],"FDR":[""]},{"gID":["GO:0055114"],"Edge":["GO:0044710"],"Name":["oxidation-reduction process"],"Sig":["white"],"Link":[""],"gNum":[""],"FDR":[""]},{"gID":["GO:0044058"],"Edge":["GO:0022600","GO:0044057"],"Name":["regulation of digestive system process"],"Sig":["white"],"Link":[""],"gNum":[""],"FDR":[""]},{"gID":["GO:0050892"],"Edge":["GO:0006810","GO:0007586","GO:0022600"],"Name":["intestinal absorption"],"Sig":["white"],"Link":[""],"gNum":[""],"FDR":[""]},{"gID":["GO:0051049"],"Edge":["GO:0006810","GO:0032879"],"Name":["regulation of transport"],"Sig":["white"],"Link":[""],"gNum":[""],"FDR":[""]},{"gID":["GO:0015918"],"Edge":["GO:0006869","GO:0015850"],"Name":["sterol transport"],"Sig":["white"],"Link":[""],"gNum":[""],"FDR":[""]},{"gID":["GO:0030301"],"Edge":["GO:0015918"],"Name":["cholesterol transport"],"Sig":["white"],"Link":[""],"gNum":[""],"FDR":[""]},{"gID":["GO:0032371"],"Edge":["GO:0015918","GO:0032368"],"Name":["regulation of sterol transport"],"Sig":["red"],"Link":["results/pathway/skcm/Project_node66_pos/Report_node66_pos.html#GO:0032371"],"gNum":["4"],"FDR":["4.04e-02"]},{"gID":["GO:0006629"],"Edge":["GO:0044238","GO:0044710","GO:0071704"],"Name":["lipid metabolic process"],"Sig":["white"],"Link":[""],"gNum":[""],"FDR":[""]},{"gID":["GO:0044712"],"Edge":["GO:0009056","GO:0044710"],"Name":["single-organism catabolic process"],"Sig":["white"],"Link":[""],"gNum":[""],"FDR":[""]},{"gID":["GO:1901575"],"Edge":["GO:0009056","GO:0071704"],"Name":["organic substance catabolic process"],"Sig":["white"],"Link":[""],"gNum":[""],"FDR":[""]},{"gID":["GO:0034308"],"Edge":["GO:0006066"],"Name":["primary alcohol metabolic process"],"Sig":["white"],"Link":[""],"gNum":[""],"FDR":[""]},{"gID":["GO:0044241"],"Edge":["GO:0007586"],"Name":["lipid digestion"],"Sig":["white"],"Link":[""],"gNum":[""],"FDR":[""]},{"gID":["GO:0006869"],"Edge":["GO:0010876","GO:0044765","GO:0071702"],"Name":["lipid transport"],"Sig":["white"],"Link":[""],"gNum":[""],"FDR":[""]},{"gID":["GO:0044707"],"Edge":["GO:0032501","GO:0044699"],"Name":["single-multicellular organism process"],"Sig":["white"],"Link":[""],"gNum":[""],"FDR":[""]},{"gID":["GO:0044710"],"Edge":["GO:0008152","GO:0044699"],"Name":["single-organism metabolic process"],"Sig":["white"],"Link":[""],"gNum":[""],"FDR":[""]},{"gID":["GO:0022600"],"Edge":["GO:0003008","GO:0007586"],"Name":["digestive system process"],"Sig":["white"],"Link":[""],"gNum":[""],"FDR":[""]},{"gID":["GO:0044057"],"Edge":["GO:0003008","GO:0051239"],"Name":["regulation of system process"],"Sig":["white"],"Link":[""],"gNum":[""],"FDR":[""]},{"gID":["GO:0006810"],"Edge":["GO:0051234"],"Name":["transport"],"Sig":["white"],"Link":[""],"gNum":[""],"FDR":[""]},{"gID":["GO:0007586"],"Edge":["GO:0044707"],"Name":["digestion"],"Sig":["white"],"Link":[""],"gNum":[""],"FDR":[""]},{"gID":["GO:0032879"],"Edge":["GO:0050789","GO:0051179"],"Name":["regulation of localization"],"Sig":["white"],"Link":[""],"gNum":[""],"FDR":[""]},{"gID":["GO:0015850"],"Edge":["GO:0044765","GO:0071702"],"Name":["organic hydroxy compound transport"],"Sig":["white"],"Link":[""],"gNum":[""],"FDR":[""]},{"gID":["GO:0015918"],"Edge":["GO:0006869","GO:0015850"],"Name":["sterol transport"],"Sig":["white"],"Link":[""],"gNum":[""],"FDR":[""]},{"gID":["GO:0032368"],"Edge":["GO:0006869","GO:0051049"],"Name":["regulation of lipid transport"],"Sig":["white"],"Link":[""],"gNum":[""],"FDR":[""]},{"gID":["GO:0044238"],"Edge":["GO:0008152"],"Name":["primary metabolic process"],"Sig":["white"],"Link":[""],"gNum":[""],"FDR":[""]},{"gID":["GO:0071704"],"Edge":["GO:0008152"],"Name":["organic substance metabolic process"],"Sig":["white"],"Link":[""],"gNum":[""],"FDR":[""]},{"gID":["GO:0009056"],"Edge":["GO:0008152"],"Name":["catabolic process"],"Sig":["white"],"Link":[""],"gNum":[""],"FDR":[""]},{"gID":["GO:0006066"],"Edge":["GO:0044281","GO:1901615"],"Name":["alcohol metabolic process"],"Sig":["white"],"Link":[""],"gNum":[""],"FDR":[""]},{"gID":["GO:0010876"],"Edge":["GO:0033036"],"Name":["lipid localization"],"Sig":["white"],"Link":[""],"gNum":[""],"FDR":[""]},{"gID":["GO:0044765"],"Edge":["GO:0006810","GO:1902578"],"Name":["single-organism transport"],"Sig":["white"],"Link":[""],"gNum":[""],"FDR":[""]},{"gID":["GO:0071702"],"Edge":["GO:0006810"],"Name":["organic substance transport"],"Sig":["white"],"Link":[""],"gNum":[""],"FDR":[""]},{"gID":["GO:0032501"],"Edge":["GO:0008150"],"Name":["multicellular organismal process"],"Sig":["white"],"Link":[""],"gNum":[""],"FDR":[""]},{"gID":["GO:0044699"],"Edge":["GO:0008150"],"Name":["single-organism process"],"Sig":["white"],"Link":[""],"gNum":[""],"FDR":[""]},{"gID":["GO:0008152"],"Edge":["GO:0008150"],"Name":["metabolic process"],"Sig":["white"],"Link":[""],"gNum":[""],"FDR":[""]},{"gID":["GO:0003008"],"Edge":["GO:0032501"],"Name":["system process"],"Sig":["white"],"Link":[""],"gNum":[""],"FDR":[""]},{"gID":["GO:0051239"],"Edge":["GO:0032501","GO:0050789"],"Name":["regulation of multicellular organismal process"],"Sig":["white"],"Link":[""],"gNum":[""],"FDR":[""]},{"gID":["GO:0051234"],"Edge":["GO:0051179"],"Name":["establishment of localization"],"Sig":["white"],"Link":[""],"gNum":[""],"FDR":[""]},{"gID":["GO:0044707"],"Edge":["GO:0032501","GO:0044699"],"Name":["single-multicellular organism process"],"Sig":["white"],"Link":[""],"gNum":[""],"FDR":[""]},{"gID":["GO:0050789"],"Edge":["GO:0008150","GO:0065007"],"Name":["regulation of biological process"],"Sig":["white"],"Link":[""],"gNum":[""],"FDR":[""]},{"gID":["GO:0051179"],"Edge":["GO:0008150"],"Name":["localization"],"Sig":["white"],"Link":[""],"gNum":[""],"FDR":[""]},{"gID":["GO:0006869"],"Edge":["GO:0010876","GO:0044765","GO:0071702"],"Name":["lipid transport"],"Sig":["white"],"Link":[""],"gNum":[""],"FDR":[""]},{"gID":["GO:0015850"],"Edge":["GO:0044765","GO:0071702"],"Name":["organic hydroxy compound transport"],"Sig":["white"],"Link":[""],"gNum":[""],"FDR":[""]},{"gID":["GO:0051049"],"Edge":["GO:0006810","GO:0032879"],"Name":["regulation of transport"],"Sig":["white"],"Link":[""],"gNum":[""],"FDR":[""]},{"gID":["GO:0044281"],"Edge":["GO:0044710"],"Name":["small molecule metabolic process"],"Sig":["white"],"Link":[""],"gNum":[""],"FDR":[""]},{"gID":["GO:1901615"],"Edge":["GO:0071704"],"Name":["organic hydroxy compound metabolic process"],"Sig":["white"],"Link":[""],"gNum":[""],"FDR":[""]},{"gID":["GO:0033036"],"Edge":["GO:0051179"],"Name":["macromolecule localization"],"Sig":["white"],"Link":[""],"gNum":[""],"FDR":[""]},{"gID":["GO:0006810"],"Edge":["GO:0051234"],"Name":["transport"],"Sig":["white"],"Link":[""],"gNum":[""],"FDR":[""]},{"gID":["GO:1902578"],"Edge":["GO:0044699","GO:0051179"],"Name":["single-organism localization"],"Sig":["white"],"Link":[""],"gNum":[""],"FDR":[""]},{"gID":["GO:0008150"],"Edge":["NA",""],"Name":["biological_process"],"Sig":["white"],"Link":[""],"gNum":[""],"FDR":[""]},{"gID":["GO:0032501"],"Edge":["GO:0008150"],"Name":["multicellular organismal process"],"Sig":["white"],"Link":[""],"gNum":[""],"FDR":[""]},{"gID":["GO:0044699"],"Edge":["GO:0008150"],"Name":["single-organism process"],"Sig":["white"],"Link":[""],"gNum":[""],"FDR":[""]},{"gID":["GO:0065007"],"Edge":["GO:0008150"],"Name":["biological regulation"],"Sig":["white"],"Link":[""],"gNum":[""],"FDR":[""]},{"gID":["GO:0010876"],"Edge":["GO:0033036"],"Name":["lipid localization"],"Sig":["white"],"Link":[""],"gNum":[""],"FDR":[""]},{"gID":["GO:0044765"],"Edge":["GO:0006810","GO:1902578"],"Name":["single-organism transport"],"Sig":["white"],"Link":[""],"gNum":[""],"FDR":[""]},{"gID":["GO:0071702"],"Edge":["GO:0006810"],"Name":["organic substance transport"],"Sig":["white"],"Link":[""],"gNum":[""],"FDR":[""]},{"gID":["GO:0032879"],"Edge":["GO:0050789","GO:0051179"],"Name":["regulation of localization"],"Sig":["white"],"Link":[""],"gNum":[""],"FDR":[""]},{"gID":["GO:0044710"],"Edge":["GO:0008152","GO:0044699"],"Name":["single-organism metabolic process"],"Sig":["white"],"Link":[""],"gNum":[""],"FDR":[""]},{"gID":["GO:0071704"],"Edge":["GO:0008152"],"Name":["organic substance metabolic process"],"Sig":["white"],"Link":[""],"gNum":[""],"FDR":[""]},{"gID":["GO:0051179"],"Edge":["GO:0008150"],"Name":["localization"],"Sig":["white"],"Link":[""],"gNum":[""],"FDR":[""]},{"gID":["GO:0051234"],"Edge":["GO:0051179"],"Name":["establishment of localization"],"Sig":["white"],"Link":[""],"gNum":[""],"FDR":[""]},{"gID":["GO:0008150"],"Edge":["NA",""],"Name":["biological_process"],"Sig":["white"],"Link":[""],"gNum":[""],"FDR":[""]},{"gID":["GO:0033036"],"Edge":["GO:0051179"],"Name":["macromolecule localization"],"Sig":["white"],"Link":[""],"gNum":[""],"FDR":[""]},{"gID":["GO:0006810"],"Edge":["GO:0051234"],"Name":["transport"],"Sig":["white"],"Link":[""],"gNum":[""],"FDR":[""]},{"gID":["GO:1902578"],"Edge":["GO:0044699","GO:0051179"],"Name":["single-organism localization"],"Sig":["white"],"Link":[""],"gNum":[""],"FDR":[""]},{"gID":["GO:0050789"],"Edge":["GO:0008150","GO:0065007"],"Name":["regulation of biological process"],"Sig":["white"],"Link":[""],"gNum":[""],"FDR":[""]},{"gID":["GO:0008152"],"Edge":["GO:0008150"],"Name":["metabolic process"],"Sig":["white"],"Link":[""],"gNum":[""],"FDR":[""]},{"gID":["GO:0044699"],"Edge":["GO:0008150"],"Name":["single-organism process"],"Sig":["white"],"Link":[""],"gNum":[""],"FDR":[""]},{"gID":["GO:0051179"],"Edge":["GO:0008150"],"Name":["localization"],"Sig":["white"],"Link":[""],"gNum":[""],"FDR":[""]},{"gID":["GO:0051234"],"Edge":["GO:0051179"],"Name":["establishment of localization"],"Sig":["white"],"Link":[""],"gNum":[""],"FDR":[""]},{"gID":["GO:0008150"],"Edge":["NA",""],"Name":["biological_process"],"Sig":["white"],"Link":[""],"gNum":[""],"FDR":[""]},{"gID":["GO:0065007"],"Edge":["GO:0008150"],"Name":["biological regulation"],"Sig":["white"],"Link":[""],"gNum":[""],"FDR":[""]},{"gID":["GO:0051179"],"Edge":["GO:0008150"],"Name":["localization"],"Sig":["white"],"Link":[""],"gNum":[""],"FDR":[""]},{"gID":["GO:0008150"],"Edge":["NA",""],"Name":["biological_process"],"Sig":["white"],"Link":[""],"gNum":[""],"FDR":[""]}]}]
