rank	algorithm	activation	feature	algorithm_color
0	pca	8.245417801620926	1	#a6cee3
0	ica	0.021696139291211627	32	#1f78b4
0	nmf	0.111632453129685	75	#b2df8a
0	adage	1.630940306142044	32	#33a02c
0	tybalt	3.2475654880701694	87	#fb9a99
0	vae_100	4.821263437433865	62	#e31a1c
0	vae_300	1.3011795435091684	87	#fdbf6f
1	pca	6.544235060566706	10	#a6cee3
1	ica	0.007521765314932915	14	#1f78b4
1	nmf	0.1075503797649326	39	#b2df8a
1	adage	1.527983459055073	53	#33a02c
1	tybalt	1.7917083604893893	92	#fb9a99
1	vae_100	3.4367522563523987	50	#e31a1c
1	vae_300	0.814364792382831	57	#fdbf6f
2	pca	3.772041645191536	12	#a6cee3
2	ica	0.005722403271634435	84	#1f78b4
2	nmf	0.09166500339810435	82	#b2df8a
2	adage	1.270024937221388	11	#33a02c
2	tybalt	1.7364892683409183	96	#fb9a99
2	vae_100	2.802050977537202	20	#e31a1c
2	vae_300	0.5034730629470523	86	#fdbf6f
3	pca	3.3451381248477667	20	#a6cee3
3	ica	0.005637279303590817	100	#1f78b4
3	nmf	0.08201989434772586	55	#b2df8a
3	adage	1.2541952394593272	28	#33a02c
3	tybalt	1.7070032272094036	70	#fb9a99
3	vae_100	2.7367806605273284	33	#e31a1c
3	vae_300	0.44229269226406287	92	#fdbf6f
4	pca	2.7525406697061086	23	#a6cee3
4	ica	0.00526968373067737	83	#1f78b4
4	nmf	0.06869421386051472	78	#b2df8a
4	adage	1.2490800576406405	69	#33a02c
4	tybalt	1.4330007998908048	8	#fb9a99
4	vae_100	2.086004228794096	58	#e31a1c
4	vae_300	0.37208872289113104	50	#fdbf6f
5	pca	2.3117795929560323	16	#a6cee3
5	ica	0.005171643018669887	63	#1f78b4
5	nmf	0.06783662033464104	90	#b2df8a
5	adage	1.0780335435426949	19	#33a02c
5	tybalt	1.4075750765644903	79	#fb9a99
5	vae_100	1.4727573543536527	52	#e31a1c
5	vae_300	0.24437639687366222	19	#fdbf6f
6	pca	2.10961728904654	77	#a6cee3
6	ica	0.004492362898811691	20	#1f78b4
6	nmf	0.06318050205390069	37	#b2df8a
6	adage	0.9993205587373826	52	#33a02c
6	tybalt	1.3737820865721557	62	#fb9a99
6	vae_100	1.4539821192975455	77	#e31a1c
6	vae_300	0.23561642537216138	63	#fdbf6f
7	pca	1.902515284328127	59	#a6cee3
7	ica	0.004039711581189337	75	#1f78b4
7	nmf	0.05353463394092879	56	#b2df8a
7	adage	0.9285017660242665	58	#33a02c
7	tybalt	1.2473587719891284	82	#fb9a99
7	vae_100	1.3218368214916023	44	#e31a1c
7	vae_300	0.2348768708700311	43	#fdbf6f
8	pca	1.850693158792253	30	#a6cee3
8	ica	0.0038160815593280993	82	#1f78b4
8	nmf	0.034574553814824056	14	#b2df8a
8	adage	0.7963634015489847	48	#33a02c
8	tybalt	1.0263230814018187	100	#fb9a99
8	vae_100	1.2247556998016522	85	#e31a1c
8	vae_300	0.20782917520121147	73	#fdbf6f
9	pca	1.766201854197387	87	#a6cee3
9	ica	0.0038043256944846004	37	#1f78b4
9	nmf	0.03221375316351347	84	#b2df8a
9	adage	0.794322218820998	98	#33a02c
9	tybalt	0.6834709473866832	30	#fb9a99
9	vae_100	1.1682016778965778	47	#e31a1c
9	vae_300	0.18552019032228095	81	#fdbf6f
10	pca	1.652202330890828	70	#a6cee3
10	ica	0.003766208095989575	56	#1f78b4
10	nmf	0.023489042368376782	98	#b2df8a
10	adage	0.7322237436083638	72	#33a02c
10	tybalt	0.6465062563762367	28	#fb9a99
10	vae_100	1.159183775577508	91	#e31a1c
10	vae_300	0.15939712124857727	30	#fdbf6f
11	pca	1.6428838603584952	52	#a6cee3
11	ica	0.0036085412225359916	66	#1f78b4
11	nmf	0.020146566171274985	47	#b2df8a
11	adage	0.7048204068853625	50	#33a02c
11	tybalt	0.6377332009485341	41	#fb9a99
11	vae_100	1.1263500428449444	66	#e31a1c
11	vae_300	0.0876582935332576	98	#fdbf6f
12	pca	1.575902190391678	68	#a6cee3
12	ica	0.0036013913316898572	51	#1f78b4
12	nmf	0.018927819644653926	1	#b2df8a
12	adage	0.6901128467635296	16	#33a02c
12	tybalt	0.6369377235865545	76	#fb9a99
12	vae_100	1.0217241201185212	60	#e31a1c
12	vae_300	0.06424055432731288	24	#fdbf6f
13	pca	1.5022627927546581	42	#a6cee3
13	ica	0.003532932478487308	54	#1f78b4
13	nmf	0.012395685092454421	77	#b2df8a
13	adage	0.5872044385191506	1	#33a02c
13	tybalt	0.6011788876517015	63	#fb9a99
13	vae_100	0.9724849325109148	90	#e31a1c
13	vae_300	0.058204029897121985	23	#fdbf6f
14	pca	1.3679435184246032	50	#a6cee3
14	ica	0.0031910407626213823	94	#1f78b4
14	nmf	0.011839086718701083	96	#b2df8a
14	adage	0.5561460574737187	65	#33a02c
14	tybalt	0.6009327199374488	1	#fb9a99
14	vae_100	0.922938726624879	36	#e31a1c
14	vae_300	0.048822291353483115	56	#fdbf6f
15	pca	1.3199244316605139	31	#a6cee3
15	ica	0.0031889712174654754	39	#1f78b4
15	nmf	0.011596694785731897	61	#b2df8a
15	adage	0.5526804614564398	66	#33a02c
15	tybalt	0.43124124170263567	68	#fb9a99
15	vae_100	0.8287803108707605	86	#e31a1c
15	vae_300	0.037175337980109385	99	#fdbf6f
16	pca	1.278445281384169	19	#a6cee3
16	ica	0.0030787511411056725	3	#1f78b4
16	nmf	0.011420078230426001	15	#b2df8a
16	adage	0.5012125208067966	4	#33a02c
16	tybalt	0.4173957762987691	12	#fb9a99
16	vae_100	0.7871353168884188	80	#e31a1c
16	vae_300	0.0355248951427367	22	#fdbf6f
17	pca	1.2387516443992599	69	#a6cee3
17	ica	0.0027953369816700407	87	#1f78b4
17	nmf	0.011043695144557435	81	#b2df8a
17	adage	0.4923444234617129	10	#33a02c
17	tybalt	0.24024855055514022	89	#fb9a99
17	vae_100	0.48728337440279446	27	#e31a1c
17	vae_300	0.03533969982398075	100	#fdbf6f
18	pca	1.1091197926850973	36	#a6cee3
18	ica	0.0027489348399356004	70	#1f78b4
18	nmf	0.01089694690165361	53	#b2df8a
18	adage	0.44425097953167514	100	#33a02c
18	tybalt	0.23207110035842404	13	#fb9a99
18	vae_100	0.4782042760099665	11	#e31a1c
18	vae_300	0.02963068593013409	67	#fdbf6f
19	pca	1.0619351916167052	26	#a6cee3
19	ica	0.002608702412480135	9	#1f78b4
19	nmf	0.010750065903885015	79	#b2df8a
19	adage	0.4273029052864785	96	#33a02c
19	tybalt	0.2204113424004962	6	#fb9a99
19	vae_100	0.46374007760036284	51	#e31a1c
19	vae_300	0.02908395894136536	34	#fdbf6f
20	pca	1.0582545839637376	66	#a6cee3
20	ica	0.0025576924703439286	46	#1f78b4
20	nmf	0.009040096394750674	65	#b2df8a
20	adage	0.38890286481493064	80	#33a02c
20	tybalt	0.1950143795479724	86	#fb9a99
20	vae_100	0.35247475787603344	19	#e31a1c
20	vae_300	0.025343455479240846	54	#fdbf6f
21	pca	1.0231488996609337	73	#a6cee3
21	ica	0.0025171283109742763	48	#1f78b4
21	nmf	0.008974480894925373	83	#b2df8a
21	adage	0.3711944316708271	3	#33a02c
21	tybalt	0.1920853253034883	15	#fb9a99
21	vae_100	0.35042474265184964	38	#e31a1c
21	vae_300	0.02311300548625149	62	#fdbf6f
22	pca	1.0021776509606275	38	#a6cee3
22	ica	0.002443391380440133	12	#1f78b4
22	nmf	0.00814244153751991	86	#b2df8a
22	adage	0.2987535329537929	83	#33a02c
22	tybalt	0.16278314992139886	58	#fb9a99
22	vae_100	0.3351546256619793	69	#e31a1c
22	vae_300	0.022399591929903494	31	#fdbf6f
23	pca	0.9776241909340468	5	#a6cee3
23	ica	0.002268107446033632	15	#1f78b4
23	nmf	0.0077345584723397115	17	#b2df8a
23	adage	0.2405453547795502	14	#33a02c
23	tybalt	0.14299866347245782	55	#fb9a99
23	vae_100	0.3154088044724128	65	#e31a1c
23	vae_300	0.02061868816971462	20	#fdbf6f
24	pca	0.9685293273765688	41	#a6cee3
24	ica	0.001999749686520772	27	#1f78b4
24	nmf	0.006715034931430138	68	#b2df8a
24	adage	0.2010541832750974	40	#33a02c
24	tybalt	0.13992241043567566	36	#fb9a99
24	vae_100	0.31114374392595817	61	#e31a1c
24	vae_300	0.013071718584066106	8	#fdbf6f
25	pca	0.917419574786239	84	#a6cee3
25	ica	0.0018788328958162003	73	#1f78b4
25	nmf	0.006665946505127387	41	#b2df8a
25	adage	0.18790445720518223	51	#33a02c
25	tybalt	0.13133709514432254	23	#fb9a99
25	vae_100	0.28086309104497764	74	#e31a1c
25	vae_300	0.009916432094259601	37	#fdbf6f
26	pca	0.9077265073450547	51	#a6cee3
26	ica	0.0018100721992549938	93	#1f78b4
26	nmf	0.006657694928433239	40	#b2df8a
26	adage	0.14215395628693983	76	#33a02c
26	tybalt	0.10558506409142998	48	#fb9a99
26	vae_100	0.2710607005854502	40	#e31a1c
26	vae_300	0.009260591741850437	75	#fdbf6f
27	pca	0.8860590352761266	57	#a6cee3
27	ica	0.0016592245912060502	99	#1f78b4
27	nmf	0.006593797102441304	11	#b2df8a
27	adage	0.1334894663681001	90	#33a02c
27	tybalt	0.1024075309357598	43	#fb9a99
27	vae_100	0.24436434059359247	64	#e31a1c
27	vae_300	0.009052331168344715	53	#fdbf6f
28	pca	0.8836765413192929	48	#a6cee3
28	ica	0.00148294696867512	49	#1f78b4
28	nmf	0.006137564126748382	43	#b2df8a
28	adage	0.12935859077030765	55	#33a02c
28	tybalt	0.0998382184526291	91	#fb9a99
28	vae_100	0.23172254404249704	84	#e31a1c
28	vae_300	0.007697494097160432	51	#fdbf6f
29	pca	0.7915212255378266	39	#a6cee3
29	ica	0.0012156970867263912	10	#1f78b4
29	nmf	0.006011773135839692	29	#b2df8a
29	adage	0.1276996335332503	99	#33a02c
29	tybalt	0.08241370838367273	73	#fb9a99
29	vae_100	0.22667658860350337	30	#e31a1c
29	vae_300	0.007126667969661973	25	#fdbf6f
30	pca	0.7889445348410009	98	#a6cee3
30	ica	0.001136107088753994	7	#1f78b4
30	nmf	0.00596923777909833	91	#b2df8a
30	adage	0.11543408760435359	2	#33a02c
30	tybalt	0.07966994355124013	99	#fb9a99
30	vae_100	0.19156969983535355	78	#e31a1c
30	vae_300	0.006390682302243663	48	#fdbf6f
31	pca	0.6990241462485407	86	#a6cee3
31	ica	0.0011329899939059413	72	#1f78b4
31	nmf	0.005413292114912073	80	#b2df8a
31	adage	0.0974267514807412	62	#33a02c
31	tybalt	0.07848656691848584	61	#fb9a99
31	vae_100	0.17393786160409386	48	#e31a1c
31	vae_300	0.004998671963890471	65	#fdbf6f
32	pca	0.6941854575257014	47	#a6cee3
32	ica	0.0010586616484240142	28	#1f78b4
32	nmf	0.005062905867717721	35	#b2df8a
32	adage	0.08635952936431934	46	#33a02c
32	tybalt	0.06438974595405686	59	#fb9a99
32	vae_100	0.1683613265932371	55	#e31a1c
32	vae_300	0.003715098042348105	95	#fdbf6f
33	pca	0.6544002285216752	88	#a6cee3
33	ica	0.0010266397336149433	76	#1f78b4
33	nmf	0.004595543018839794	9	#b2df8a
33	adage	0.08487444050194304	75	#33a02c
33	tybalt	0.06166806665625582	90	#fb9a99
33	vae_100	0.11534492808873198	45	#e31a1c
33	vae_300	0.0035671121637521125	58	#fdbf6f
34	pca	0.6289009685077631	97	#a6cee3
34	ica	0.0008798990066053557	91	#1f78b4
34	nmf	0.004194316905103957	27	#b2df8a
34	adage	0.06656120492507078	86	#33a02c
34	tybalt	0.056719617317398295	50	#fb9a99
34	vae_100	0.11094630718825327	83	#e31a1c
34	vae_300	0.003418464970095525	14	#fdbf6f
35	pca	0.6072506828015415	53	#a6cee3
35	ica	0.0008477894271951951	50	#1f78b4
35	nmf	0.0035991865890554887	20	#b2df8a
35	adage	0.0664121420397481	22	#33a02c
35	tybalt	0.046933062341383724	14	#fb9a99
35	vae_100	0.04774344156607402	2	#e31a1c
35	vae_300	0.002575824415433393	71	#fdbf6f
36	pca	0.5945022956241284	37	#a6cee3
36	ica	0.0008099610495769355	16	#1f78b4
36	nmf	0.0030356482345330355	2	#b2df8a
36	adage	0.06587265369449624	35	#33a02c
36	tybalt	0.03586043482010409	72	#fb9a99
36	vae_100	0.018209623406576836	97	#e31a1c
36	vae_300	0.002359844312499689	68	#fdbf6f
37	pca	0.5703422782996542	99	#a6cee3
37	ica	0.0007375339316552178	89	#1f78b4
37	nmf	0.00294579411288934	36	#b2df8a
37	adage	0.0577058231945895	82	#33a02c
37	tybalt	0.01682607225182442	74	#fb9a99
37	vae_100	0.011407887537981831	24	#e31a1c
37	vae_300	0.0018728438131866642	90	#fdbf6f
38	pca	0.5167283241030947	61	#a6cee3
38	ica	0.0006538787073212282	35	#1f78b4
38	nmf	0.002609540992858926	38	#b2df8a
38	adage	0.05448946367267149	68	#33a02c
38	tybalt	0.016675651737618757	33	#fb9a99
38	vae_100	0.006602936631380202	68	#e31a1c
38	vae_300	0.0006503420816338028	77	#fdbf6f
39	pca	0.4601435065729703	81	#a6cee3
39	ica	0.0005075021952143297	2	#1f78b4
39	nmf	0.002589642402324328	34	#b2df8a
39	adage	0.043027759575311464	36	#33a02c
39	tybalt	0.008177897438770905	4	#fb9a99
39	vae_100	0.004531604632248887	25	#e31a1c
39	vae_300	0.0003807315917377589	6	#fdbf6f
40	pca	0.25083948950333923	62	#a6cee3
40	ica	0.00027958296318728525	17	#1f78b4
40	nmf	0.0024234226527266108	59	#b2df8a
40	adage	0.03162428615543372	17	#33a02c
40	tybalt	-0.002494857846936093	45	#fb9a99
40	vae_100	0.0030884520215836986	54	#e31a1c
40	vae_300	0.00011597332798724729	40	#fdbf6f
41	pca	0.23097321065126392	63	#a6cee3
41	ica	0.00020171201594449827	65	#1f78b4
41	nmf	0.0022096878757046513	64	#b2df8a
41	adage	0.011565087015434461	91	#33a02c
41	tybalt	-0.012163144187464753	60	#fb9a99
41	vae_100	-0.06226868620092582	99	#e31a1c
41	vae_300	0.0001136956101843253	76	#fdbf6f
42	pca	0.19685633246457024	46	#a6cee3
42	ica	0.00019376843614630612	4	#1f78b4
42	nmf	0.002164071467467949	63	#b2df8a
42	adage	-0.003433402464986579	57	#33a02c
42	tybalt	-0.012607948689521113	83	#fb9a99
42	vae_100	-0.10036942686324002	35	#e31a1c
42	vae_300	4.409126343583956e-05	61	#fdbf6f
43	pca	0.16330591879963868	90	#a6cee3
43	ica	0.00015456963874924167	67	#1f78b4
43	nmf	0.00176733141875514	52	#b2df8a
43	adage	-0.018211175178032057	61	#33a02c
43	tybalt	-0.015276347534565986	97	#fb9a99
43	vae_100	-0.11849906340822708	82	#e31a1c
43	vae_300	0.0	97	#fdbf6f
44	pca	0.15618065438990894	96	#a6cee3
44	ica	0.0001531688323311224	19	#1f78b4
44	nmf	0.0016744008804000432	94	#b2df8a
44	adage	-0.02705038263151821	60	#33a02c
44	tybalt	-0.016633637301274484	64	#fb9a99
44	vae_100	-0.12576462526879917	29	#e31a1c
44	vae_300	0.0	72	#fdbf6f
45	pca	0.12273392790752613	92	#a6cee3
45	ica	0.00011365518460200149	64	#1f78b4
45	nmf	0.0011978824405415383	74	#b2df8a
45	adage	-0.03289663721520886	79	#33a02c
45	tybalt	-0.025241304430057926	2	#fb9a99
45	vae_100	-0.12773680311342606	57	#e31a1c
45	vae_300	0.0	59	#fdbf6f
46	pca	0.10109616775288743	60	#a6cee3
46	ica	6.399266679808563e-05	68	#1f78b4
46	nmf	0.0011567459085006222	97	#b2df8a
46	adage	-0.03300365577153841	59	#33a02c
46	tybalt	-0.027117575845056988	32	#fb9a99
46	vae_100	-0.14643393259543036	31	#e31a1c
46	vae_300	0.0	29	#fdbf6f
47	pca	0.09015782353176172	27	#a6cee3
47	ica	4.431795194712767e-05	79	#1f78b4
47	nmf	0.0010571111675690224	18	#b2df8a
47	adage	-0.04069750636702204	67	#33a02c
47	tybalt	-0.03025504760211708	42	#fb9a99
47	vae_100	-0.15711089522608518	10	#e31a1c
47	vae_300	-2.9414514952025316e-05	44	#fdbf6f
48	pca	0.086058983284096	71	#a6cee3
48	ica	-4.234629662693348e-05	69	#1f78b4
48	nmf	0.0009089315967675459	6	#b2df8a
48	adage	-0.04789729417565891	18	#33a02c
48	tybalt	-0.03126099981456586	85	#fb9a99
48	vae_100	-0.1670871375091159	96	#e31a1c
48	vae_300	-0.000305565097664557	80	#fdbf6f
49	pca	0.08074079634465874	75	#a6cee3
49	ica	-6.268005019549128e-05	81	#1f78b4
49	nmf	0.0008037952167980968	70	#b2df8a
49	adage	-0.04909655619143671	15	#33a02c
49	tybalt	-0.03245901122070238	16	#fb9a99
49	vae_100	-0.17044782885085297	70	#e31a1c
49	vae_300	-0.00031431868106481013	16	#fdbf6f
50	pca	0.04425467068567546	11	#a6cee3
50	ica	-0.00010433954638295142	95	#1f78b4
50	nmf	0.0005414553034635838	71	#b2df8a
50	adage	-0.05758117993453071	78	#33a02c
50	tybalt	-0.048669834127611486	21	#fb9a99
50	vae_100	-0.17276243758425291	21	#e31a1c
50	vae_300	-0.0004163225994835443	18	#fdbf6f
51	pca	0.0385548070707189	64	#a6cee3
51	ica	-0.0001465609006959086	6	#1f78b4
51	nmf	0.0005159469666468389	22	#b2df8a
51	adage	-0.061769566958463695	56	#33a02c
51	tybalt	-0.06389424458270958	20	#fb9a99
51	vae_100	-0.22801023920414415	71	#e31a1c
51	vae_300	-0.0007607529434984811	11	#fdbf6f
52	pca	0.02350021390647883	82	#a6cee3
52	ica	-0.00019984764083827954	74	#1f78b4
52	nmf	0.0002535698687663058	16	#b2df8a
52	adage	-0.07072786027510802	26	#33a02c
52	tybalt	-0.0807112667050075	9	#fb9a99
52	vae_100	-0.26961750086430913	75	#e31a1c
52	vae_300	-0.001236157911208004	33	#fdbf6f
53	pca	0.00522179582702445	85	#a6cee3
53	ica	-0.00020832540919953806	40	#1f78b4
53	nmf	2.126530186747494e-05	19	#b2df8a
53	adage	-0.07377501528920649	45	#33a02c
53	tybalt	-0.08531304501577541	54	#fb9a99
53	vae_100	-0.31592438294947356	67	#e31a1c
53	vae_300	-0.0015281123961120879	36	#fdbf6f
54	pca	-0.008870048802424452	76	#a6cee3
54	ica	-0.0002513495468714692	36	#1f78b4
54	nmf	-0.00017190984362841152	50	#b2df8a
54	adage	-0.08145719456319878	12	#33a02c
54	tybalt	-0.0908471806365701	78	#fb9a99
54	vae_100	-0.3201623304913743	12	#e31a1c
54	vae_300	-0.0017561482477848102	91	#fdbf6f
55	pca	-0.05698663351634664	80	#a6cee3
55	ica	-0.0003797653647231475	61	#1f78b4
55	nmf	-0.00018781930440051053	76	#b2df8a
55	adage	-0.0824024926364304	84	#33a02c
55	tybalt	-0.09423856439597256	94	#fb9a99
55	vae_100	-0.368492455230121	4	#e31a1c
55	vae_300	-0.005655622308031517	64	#fdbf6f
56	pca	-0.0704559010342054	14	#a6cee3
56	ica	-0.0005171926732130644	88	#1f78b4
56	nmf	-0.00040348620690561546	57	#b2df8a
56	adage	-0.08432476625529217	24	#33a02c
56	tybalt	-0.10138815604210069	51	#fb9a99
56	vae_100	-0.3971214038301808	8	#e31a1c
56	vae_300	-0.006703408267284686	21	#fdbf6f
57	pca	-0.10127271050663134	95	#a6cee3
57	ica	-0.0005812988707708812	53	#1f78b4
57	nmf	-0.00044673246024082454	23	#b2df8a
57	adage	-0.08781044129106252	33	#33a02c
57	tybalt	-0.10536902208584564	24	#fb9a99
57	vae_100	-0.3974160591240816	73	#e31a1c
57	vae_300	-0.006791152595354189	89	#fdbf6f
58	pca	-0.1285422272889612	89	#a6cee3
58	ica	-0.0006235704704907632	59	#1f78b4
58	nmf	-0.0005834822267128401	28	#b2df8a
58	adage	-0.08946915838271674	47	#33a02c
58	tybalt	-0.11574117213694843	81	#fb9a99
58	vae_100	-0.42044917427636785	89	#e31a1c
58	vae_300	-0.007159953412539534	52	#fdbf6f
59	pca	-0.13511989953667047	17	#a6cee3
59	ica	-0.0006472235449685455	38	#1f78b4
59	nmf	-0.0006397652007873124	10	#b2df8a
59	adage	-0.09537891692646816	34	#33a02c
59	tybalt	-0.1395386052569469	7	#fb9a99
59	vae_100	-0.4257963063309431	87	#e31a1c
59	vae_300	-0.008102954932344069	38	#fdbf6f
60	pca	-0.13870490448519002	56	#a6cee3
60	ica	-0.0006514870724993456	45	#1f78b4
60	nmf	-0.0006756695478625147	100	#b2df8a
60	adage	-0.09846828011591646	31	#33a02c
60	tybalt	-0.14603036687769	65	#fb9a99
60	vae_100	-0.4385208859986722	81	#e31a1c
60	vae_300	-0.010253528612212107	3	#fdbf6f
61	pca	-0.1395585736394631	32	#a6cee3
61	ica	-0.0006612653592793004	96	#1f78b4
61	nmf	-0.0009911634190444898	95	#b2df8a
61	adage	-0.10260746305949808	30	#33a02c
61	tybalt	-0.17654159590190144	88	#fb9a99
61	vae_100	-0.47220921163645246	53	#e31a1c
61	vae_300	-0.011513068312991592	94	#fdbf6f
62	pca	-0.2000486741682339	28	#a6cee3
62	ica	-0.0007054046112085408	8	#1f78b4
62	nmf	-0.001542082333432353	73	#b2df8a
62	adage	-0.10604090418784162	25	#33a02c
62	tybalt	-0.18950668021433492	98	#fb9a99
62	vae_100	-0.5324239579088441	56	#e31a1c
62	vae_300	-0.01295190776474561	55	#fdbf6f
63	pca	-0.21659921431424267	74	#a6cee3
63	ica	-0.0007148079323787842	30	#1f78b4
63	nmf	-0.0017865033586280286	5	#b2df8a
63	adage	-0.12189178275305412	87	#33a02c
63	tybalt	-0.19123685410962554	84	#fb9a99
63	vae_100	-0.549466457122922	76	#e31a1c
63	vae_300	-0.015039276882188542	83	#fdbf6f
64	pca	-0.2552472290969251	72	#a6cee3
64	ica	-0.0008005809870589829	11	#1f78b4
64	nmf	-0.0017961357386415615	7	#b2df8a
64	adage	-0.12478848910837559	97	#33a02c
64	tybalt	-0.21259151913197757	18	#fb9a99
64	vae_100	-0.5698140755248149	100	#e31a1c
64	vae_300	-0.015242468080199856	35	#fdbf6f
65	pca	-0.2748151510330843	78	#a6cee3
65	ica	-0.0008826202216279312	33	#1f78b4
65	nmf	-0.001878040615758176	72	#b2df8a
65	adage	-0.1351575961691488	21	#33a02c
65	tybalt	-0.2178296608643473	47	#fb9a99
65	vae_100	-0.6095639996232706	95	#e31a1c
65	vae_300	-0.015615301984779747	10	#fdbf6f
66	pca	-0.30615872246697806	94	#a6cee3
66	ica	-0.0008885965974283306	31	#1f78b4
66	nmf	-0.0018851510489118917	67	#b2df8a
66	adage	-0.13568405657448768	85	#33a02c
66	tybalt	-0.24402002464494377	5	#fb9a99
66	vae_100	-0.6194120278470541	49	#e31a1c
66	vae_300	-0.01871900843583922	13	#fdbf6f
67	pca	-0.3217204442684005	55	#a6cee3
67	ica	-0.0009497077561528586	90	#1f78b4
67	nmf	-0.002187205379552067	21	#b2df8a
67	adage	-0.13883011306877302	8	#33a02c
67	tybalt	-0.25876328193167986	31	#fb9a99
67	vae_100	-0.6565464308012157	79	#e31a1c
67	vae_300	-0.020792085169332196	78	#fdbf6f
68	pca	-0.32743096367662106	44	#a6cee3
68	ica	-0.0010188308815693718	43	#1f78b4
68	nmf	-0.0023693963237383913	92	#b2df8a
68	adage	-0.15571720881945827	49	#33a02c
68	tybalt	-0.2673698585340313	34	#fb9a99
68	vae_100	-0.6977889809423883	43	#e31a1c
68	vae_300	-0.02258734676817195	79	#fdbf6f
69	pca	-0.3685450191936987	100	#a6cee3
69	ica	-0.0010237084333685191	29	#1f78b4
69	nmf	-0.002735495362533834	46	#b2df8a
69	adage	-0.1880775495186744	41	#33a02c
69	tybalt	-0.3084121465810503	35	#fb9a99
69	vae_100	-0.701456312147724	3	#e31a1c
69	vae_300	-0.02267229598476187	84	#fdbf6f
70	pca	-0.41292478908874525	45	#a6cee3
70	ica	-0.001076330206022316	60	#1f78b4
70	nmf	-0.0027697863777276545	51	#b2df8a
70	adage	-0.23618057486015887	38	#33a02c
70	tybalt	-0.32155667305162705	19	#fb9a99
70	vae_100	-0.7018346603191519	46	#e31a1c
70	vae_300	-0.02362617622361468	15	#fdbf6f
71	pca	-0.4468480713924483	83	#a6cee3
71	ica	-0.0011660659123238315	98	#1f78b4
71	nmf	-0.002921796064198325	66	#b2df8a
71	adage	-0.23801121855827745	44	#33a02c
71	tybalt	-0.41171018119631153	25	#fb9a99
71	vae_100	-0.7146951858533788	9	#e31a1c
71	vae_300	-0.025496016468531193	93	#fdbf6f
72	pca	-0.5452528772146059	21	#a6cee3
72	ica	-0.001198733481323965	41	#1f78b4
72	nmf	-0.002959545690137514	99	#b2df8a
72	adage	-0.26394903372902156	89	#33a02c
72	tybalt	-0.4152541978726053	80	#fb9a99
72	vae_100	-0.7373290569052855	98	#e31a1c
72	vae_300	-0.033435056167680735	2	#fdbf6f
73	pca	-0.5902910651899216	13	#a6cee3
73	ica	-0.0012471706518871208	92	#1f78b4
73	nmf	-0.0033375324908502015	25	#b2df8a
73	adage	-0.2747594122156398	64	#33a02c
73	tybalt	-0.45780544477385576	49	#fb9a99
73	vae_100	-0.7437244516201702	94	#e31a1c
73	vae_300	-0.04571911465735787	60	#fdbf6f
74	pca	-0.5917598706115833	79	#a6cee3
74	ica	-0.0012516449726373902	22	#1f78b4
74	nmf	-0.0037368187184811863	3	#b2df8a
74	adage	-0.2787415788738592	74	#33a02c
74	tybalt	-0.5122380066808478	66	#fb9a99
74	vae_100	-0.7728431255000685	37	#e31a1c
74	vae_300	-0.05783172606105748	1	#fdbf6f
75	pca	-0.6003429521453373	58	#a6cee3
75	ica	-0.001403177423260592	55	#1f78b4
75	nmf	-0.003919908260455289	13	#b2df8a
75	adage	-0.2870240879211396	39	#33a02c
75	tybalt	-0.5213298695591985	39	#fb9a99
75	vae_100	-0.787984069389709	93	#e31a1c
75	vae_300	-0.05784898620708767	85	#fdbf6f
76	pca	-0.6545487425590952	22	#a6cee3
76	ica	-0.001458038216318481	86	#1f78b4
76	nmf	-0.003925722977956554	87	#b2df8a
76	adage	-0.31343893988669347	95	#33a02c
76	tybalt	-0.5304714414732918	69	#fb9a99
76	vae_100	-0.7894220166103174	13	#e31a1c
76	vae_300	-0.06182986512223535	70	#fdbf6f
77	pca	-0.678629975823138	35	#a6cee3
77	ica	-0.0014777003427282566	5	#1f78b4
77	nmf	-0.004385302508790398	69	#b2df8a
77	adage	-0.323605872460877	92	#33a02c
77	tybalt	-0.5366853747824378	53	#fb9a99
77	vae_100	-0.8033140389588749	42	#e31a1c
77	vae_300	-0.06195488897826078	96	#fdbf6f
78	pca	-0.6894366466226751	15	#a6cee3
78	ica	-0.0015121981436111314	24	#1f78b4
78	nmf	-0.004609506715419067	26	#b2df8a
78	adage	-0.3463601897289501	5	#33a02c
78	tybalt	-0.5534813504398434	95	#fb9a99
78	vae_100	-0.8033393574899191	7	#e31a1c
78	vae_300	-0.06358300404212931	41	#fdbf6f
79	pca	-0.7325774925577914	43	#a6cee3
79	ica	-0.0016118012652828694	77	#1f78b4
79	nmf	-0.004992211258427885	54	#b2df8a
79	adage	-0.3582653723886926	20	#33a02c
79	tybalt	-0.5589023625325722	46	#fb9a99
79	vae_100	-0.8815618117536008	14	#e31a1c
79	vae_300	-0.07597803690150703	46	#fdbf6f
80	pca	-0.9096724309038685	67	#a6cee3
80	ica	-0.0016982634996342743	25	#1f78b4
80	nmf	-0.005492519774213684	4	#b2df8a
80	adage	-0.3656247592233765	27	#33a02c
80	tybalt	-0.5821583472082037	29	#fb9a99
80	vae_100	-0.9077899262409073	41	#e31a1c
80	vae_300	-0.07927210723297833	9	#fdbf6f
81	pca	-0.9115580890168326	54	#a6cee3
81	ica	-0.0017606920699598505	34	#1f78b4
81	nmf	-0.009588218593601205	60	#b2df8a
81	adage	-0.37958200021656374	42	#33a02c
81	tybalt	-0.7327020780822133	3	#fb9a99
81	vae_100	-0.918724864002936	6	#e31a1c
81	vae_300	-0.09372933452559731	66	#fdbf6f
82	pca	-0.9141081184084612	33	#a6cee3
82	ica	-0.001812838842835902	85	#1f78b4
82	nmf	-0.011174803688590912	42	#b2df8a
82	adage	-0.407660541655142	93	#33a02c
82	tybalt	-0.7584823648184458	40	#fb9a99
82	vae_100	-0.9384362927555908	28	#e31a1c
82	vae_300	-0.1161256208266872	5	#fdbf6f
83	pca	-1.0676327026267995	91	#a6cee3
83	ica	-0.0020378545553657256	18	#1f78b4
83	nmf	-0.01235376512105282	24	#b2df8a
83	adage	-0.4081997894352396	29	#33a02c
83	tybalt	-0.8403147438414531	93	#fb9a99
83	vae_100	-0.962530593179868	15	#e31a1c
83	vae_300	-0.12173898950308715	26	#fdbf6f
84	pca	-1.0679708520723774	6	#a6cee3
84	ica	-0.00231296250657634	97	#1f78b4
84	nmf	-0.015917818054434457	31	#b2df8a
84	adage	-0.46215347462445155	6	#33a02c
84	tybalt	-0.8808141804608587	37	#fb9a99
84	vae_100	-1.1039053388913451	72	#e31a1c
84	vae_300	-0.12316856656953383	4	#fdbf6f
85	pca	-1.1420149161185336	34	#a6cee3
85	ica	-0.002697427388217887	80	#1f78b4
85	nmf	-0.018176668650103946	58	#b2df8a
85	adage	-0.48465031875308373	23	#33a02c
85	tybalt	-0.9183254369462656	71	#fb9a99
85	vae_100	-1.2231843675773173	17	#e31a1c
85	vae_300	-0.13105685684023	49	#fdbf6f
86	pca	-1.2673801988181252	25	#a6cee3
86	ica	-0.002751474912268346	47	#1f78b4
86	nmf	-0.018435765183943048	85	#b2df8a
86	adage	-0.5305965910367645	81	#33a02c
86	tybalt	-0.9482538882456354	26	#fb9a99
86	vae_100	-1.2515000549522393	39	#e31a1c
86	vae_300	-0.15346244409510576	42	#fdbf6f
87	pca	-1.2749088868245475	93	#a6cee3
87	ica	-0.002894769764098638	78	#1f78b4
87	nmf	-0.02086206280907904	30	#b2df8a
87	adage	-0.5515019440740203	70	#33a02c
87	tybalt	-0.973874892530052	57	#fb9a99
87	vae_100	-1.2806819504349671	1	#e31a1c
87	vae_300	-0.15674768281204793	17	#fdbf6f
88	pca	-1.365474115311367	65	#a6cee3
88	ica	-0.003016849352564742	71	#1f78b4
88	nmf	-0.022098693678709626	33	#b2df8a
88	adage	-0.5838669569102555	7	#33a02c
88	tybalt	-0.9848907356020771	44	#fb9a99
88	vae_100	-1.3233120622071182	59	#e31a1c
88	vae_300	-0.17776501317985627	88	#fdbf6f
89	pca	-1.5779411808034378	40	#a6cee3
89	ica	-0.00311209933465814	62	#1f78b4
89	nmf	-0.024355168309404096	45	#b2df8a
89	adage	-0.6328782437425344	63	#33a02c
89	tybalt	-1.0673175648925435	52	#fb9a99
89	vae_100	-1.4102334103112475	88	#e31a1c
89	vae_300	-0.19993679277786758	32	#fdbf6f
90	pca	-2.057798046156239	29	#a6cee3
90	ica	-0.0032269093482813274	52	#1f78b4
90	nmf	-0.02495425194458791	93	#b2df8a
90	adage	-0.6699478960776846	77	#33a02c
90	tybalt	-1.127946436649594	75	#fb9a99
90	vae_100	-1.4554003513649496	63	#e31a1c
90	vae_300	-0.23250568544243055	47	#fdbf6f
91	pca	-2.0691639336101617	49	#a6cee3
91	ica	-0.003770074959160317	13	#1f78b4
91	nmf	-0.03707030661849747	12	#b2df8a
91	adage	-0.7196741752295936	71	#33a02c
91	tybalt	-1.2189234450318676	11	#fb9a99
91	vae_100	-1.4750573049580538	92	#e31a1c
91	vae_300	-0.27846808195189576	27	#fdbf6f
92	pca	-2.6283982170415996	9	#a6cee3
92	ica	-0.00466340741544368	26	#1f78b4
92	nmf	-0.0378909030378148	88	#b2df8a
92	adage	-0.7914937532910864	13	#33a02c
92	tybalt	-1.2879472282145787	10	#fb9a99
92	vae_100	-1.6213418315873591	34	#e31a1c
92	vae_300	-0.31961135713083855	74	#fdbf6f
93	pca	-3.073665615814693	4	#a6cee3
93	ica	-0.005149130327057141	1	#1f78b4
93	nmf	-0.05115132145573539	48	#b2df8a
93	adage	-0.8089706189153363	54	#33a02c
93	tybalt	-1.3600360565505194	27	#fb9a99
93	vae_100	-1.7444246099545313	23	#e31a1c
93	vae_300	-0.44912031040062694	7	#fdbf6f
94	pca	-3.3968609368912444	24	#a6cee3
94	ica	-0.005656358927470462	42	#1f78b4
94	nmf	-0.05168433809876222	8	#b2df8a
94	adage	-0.9960512371916757	9	#33a02c
94	tybalt	-1.397345774057694	38	#fb9a99
94	vae_100	-1.750822840538068	22	#e31a1c
94	vae_300	-0.5054477590213602	82	#fdbf6f
95	pca	-3.856216422588466	8	#a6cee3
95	ica	-0.005948039919234824	21	#1f78b4
95	nmf	-0.05263437381845825	62	#b2df8a
95	adage	-1.2462316145125838	73	#33a02c
95	tybalt	-1.771895168596548	67	#fb9a99
95	vae_100	-2.638973055644662	18	#e31a1c
95	vae_300	-0.5779337209852361	69	#fdbf6f
96	pca	-4.698735386332411	2	#a6cee3
96	ica	-0.00688135733978442	23	#1f78b4
96	nmf	-0.05293626351812052	49	#b2df8a
96	adage	-1.3446192424083523	43	#33a02c
96	tybalt	-1.8859416374571083	22	#fb9a99
96	vae_100	-2.927765236051533	32	#e31a1c
96	vae_300	-0.619330667774782	39	#fdbf6f
97	pca	-7.004477078262255	7	#a6cee3
97	ica	-0.007700316771360592	44	#1f78b4
97	nmf	-0.07061069794217426	32	#b2df8a
97	adage	-1.415093561357133	94	#33a02c
97	tybalt	-2.0387122063399596	17	#fb9a99
97	vae_100	-3.049543154859232	26	#e31a1c
97	vae_300	-0.6260594361595592	28	#fdbf6f
98	pca	-8.451492800210069	18	#a6cee3
98	ica	-0.008335964132856007	57	#1f78b4
98	nmf	-0.08743819280599735	89	#b2df8a
98	adage	-1.7023718623442112	37	#33a02c
98	tybalt	-2.9116355912913656	56	#fb9a99
98	vae_100	-3.9482347889466958	5	#e31a1c
98	vae_300	-0.6295564529526806	45	#fdbf6f
99	pca	-9.965287518572154	3	#a6cee3
99	ica	-0.010004433734826358	58	#1f78b4
99	nmf	-0.16633964678036808	44	#b2df8a
99	adage	-1.9511237711718554	88	#33a02c
99	tybalt	-3.1476504724066956	77	#fb9a99
99	vae_100	-4.073996963763861	16	#e31a1c
99	vae_300	-0.65599771621854	12	#fdbf6f
