[{"id":"Project_node79genes_pos_.json","reports":[{"gID":["GO:0007268"],"Edge":["GO:0098916"],"Name":["chemical synaptic transmission"],"Sig":["red"],"Link":["results/pathway/hgsc/Project_node79genes_pos/Report_node79genes_pos.html#GO:0007268"],"gNum":["13"],"FDR":["9.13e-03"]},{"gID":["GO:0098916"],"Edge":["GO:0099537"],"Name":["anterograde trans-synaptic signaling"],"Sig":["red"],"Link":["results/pathway/hgsc/Project_node79genes_pos/Report_node79genes_pos.html#GO:0098916"],"gNum":["13"],"FDR":["9.13e-03"]},{"gID":["GO:0099536"],"Edge":["GO:0007267"],"Name":["synaptic signaling"],"Sig":["red"],"Link":["results/pathway/hgsc/Project_node79genes_pos/Report_node79genes_pos.html#GO:0099536"],"gNum":["13"],"FDR":["9.13e-03"]},{"gID":["GO:0099537"],"Edge":["GO:0099536"],"Name":["trans-synaptic signaling"],"Sig":["red"],"Link":["results/pathway/hgsc/Project_node79genes_pos/Report_node79genes_pos.html#GO:0099537"],"gNum":["13"],"FDR":["9.13e-03"]},{"gID":["GO:0098655"],"Edge":["GO:0006812","GO:0034220"],"Name":["cation transmembrane transport"],"Sig":["red"],"Link":["results/pathway/hgsc/Project_node79genes_pos/Report_node79genes_pos.html#GO:0098655"],"gNum":["12"],"FDR":["3.12e-02"]},{"gID":["GO:0007267"],"Edge":["GO:0007154","GO:0044700","GO:0044763"],"Name":["cell-cell signaling"],"Sig":["white"],"Link":[""],"gNum":[""],"FDR":[""]},{"gID":["GO:0099536"],"Edge":["GO:0007267"],"Name":["synaptic signaling"],"Sig":["red"],"Link":["results/pathway/hgsc/Project_node79genes_pos/Report_node79genes_pos.html#GO:0099536"],"gNum":["13"],"FDR":["9.13e-03"]},{"gID":["GO:0006812"],"Edge":["GO:0006811"],"Name":["cation transport"],"Sig":["white"],"Link":[""],"gNum":[""],"FDR":[""]},{"gID":["GO:0034220"],"Edge":["GO:0006811","GO:0055085"],"Name":["ion transmembrane transport"],"Sig":["white"],"Link":[""],"gNum":[""],"FDR":[""]},{"gID":["GO:0007154"],"Edge":["GO:0009987"],"Name":["cell communication"],"Sig":["white"],"Link":[""],"gNum":[""],"FDR":[""]},{"gID":["GO:0044700"],"Edge":["GO:0023052","GO:0044699"],"Name":["single organism signaling"],"Sig":["white"],"Link":[""],"gNum":[""],"FDR":[""]},{"gID":["GO:0044763"],"Edge":["GO:0009987","GO:0044699"],"Name":["single-organism cellular process"],"Sig":["white"],"Link":[""],"gNum":[""],"FDR":[""]},{"gID":["GO:0007267"],"Edge":["GO:0007154","GO:0044700","GO:0044763"],"Name":["cell-cell signaling"],"Sig":["white"],"Link":[""],"gNum":[""],"FDR":[""]},{"gID":["GO:0006811"],"Edge":["GO:0006810"],"Name":["ion transport"],"Sig":["white"],"Link":[""],"gNum":[""],"FDR":[""]},{"gID":["GO:0055085"],"Edge":["GO:0006810"],"Name":["transmembrane transport"],"Sig":["white"],"Link":[""],"gNum":[""],"FDR":[""]},{"gID":["GO:0009987"],"Edge":["GO:0008150"],"Name":["cellular process"],"Sig":["white"],"Link":[""],"gNum":[""],"FDR":[""]},{"gID":["GO:0023052"],"Edge":["GO:0008150"],"Name":["signaling"],"Sig":["white"],"Link":[""],"gNum":[""],"FDR":[""]},{"gID":["GO:0044699"],"Edge":["GO:0008150"],"Name":["single-organism process"],"Sig":["white"],"Link":[""],"gNum":[""],"FDR":[""]},{"gID":["GO:0007154"],"Edge":["GO:0009987"],"Name":["cell communication"],"Sig":["white"],"Link":[""],"gNum":[""],"FDR":[""]},{"gID":["GO:0044700"],"Edge":["GO:0023052","GO:0044699"],"Name":["single organism signaling"],"Sig":["white"],"Link":[""],"gNum":[""],"FDR":[""]},{"gID":["GO:0044763"],"Edge":["GO:0009987","GO:0044699"],"Name":["single-organism cellular process"],"Sig":["white"],"Link":[""],"gNum":[""],"FDR":[""]},{"gID":["GO:0006810"],"Edge":["GO:0051234"],"Name":["transport"],"Sig":["white"],"Link":[""],"gNum":[""],"FDR":[""]},{"gID":["GO:0008150"],"Edge":["NA",""],"Name":["biological_process"],"Sig":["white"],"Link":[""],"gNum":[""],"FDR":[""]},{"gID":["GO:0009987"],"Edge":["GO:0008150"],"Name":["cellular process"],"Sig":["white"],"Link":[""],"gNum":[""],"FDR":[""]},{"gID":["GO:0023052"],"Edge":["GO:0008150"],"Name":["signaling"],"Sig":["white"],"Link":[""],"gNum":[""],"FDR":[""]},{"gID":["GO:0044699"],"Edge":["GO:0008150"],"Name":["single-organism process"],"Sig":["white"],"Link":[""],"gNum":[""],"FDR":[""]},{"gID":["GO:0051234"],"Edge":["GO:0051179"],"Name":["establishment of localization"],"Sig":["white"],"Link":[""],"gNum":[""],"FDR":[""]},{"gID":["GO:0008150"],"Edge":["NA",""],"Name":["biological_process"],"Sig":["white"],"Link":[""],"gNum":[""],"FDR":[""]},{"gID":["GO:0051179"],"Edge":["GO:0008150"],"Name":["localization"],"Sig":["white"],"Link":[""],"gNum":[""],"FDR":[""]},{"gID":["GO:0008150"],"Edge":["NA",""],"Name":["biological_process"],"Sig":["white"],"Link":[""],"gNum":[""],"FDR":[""]}]}]
