[{"id":"Project_node53_neg_.json","reports":[{"gID":["GO:0009410"],"Edge":["GO:0042221"],"Name":["response to xenobiotic stimulus"],"Sig":["red"],"Link":["results/pathway/skcm/Project_node53_neg/Report_node53_neg.html#GO:0009410"],"gNum":["13"],"FDR":["3.55e-05"]},{"gID":["GO:0006805"],"Edge":["GO:0044237","GO:0071466"],"Name":["xenobiotic metabolic process"],"Sig":["red"],"Link":["results/pathway/skcm/Project_node53_neg/Report_node53_neg.html#GO:0006805"],"gNum":["12"],"FDR":["5.7e-05"]},{"gID":["GO:0071466"],"Edge":["GO:0009410","GO:0070887"],"Name":["cellular response to xenobiotic stimulus"],"Sig":["red"],"Link":["results/pathway/skcm/Project_node53_neg/Report_node53_neg.html#GO:0071466"],"gNum":["12"],"FDR":["5.7e-05"]},{"gID":["GO:0006063"],"Edge":["GO:0005996","GO:0032787"],"Name":["uronic acid metabolic process"],"Sig":["red"],"Link":["results/pathway/skcm/Project_node53_neg/Report_node53_neg.html#GO:0006063"],"gNum":["7"],"FDR":["5.7e-05"]},{"gID":["GO:0019585"],"Edge":["GO:0006063"],"Name":["glucuronate metabolic process"],"Sig":["red"],"Link":["results/pathway/skcm/Project_node53_neg/Report_node53_neg.html#GO:0019585"],"gNum":["7"],"FDR":["5.7e-05"]},{"gID":["GO:0052695"],"Edge":["GO:0019585"],"Name":["cellular glucuronidation"],"Sig":["red"],"Link":["results/pathway/skcm/Project_node53_neg/Report_node53_neg.html#GO:0052695"],"gNum":["7"],"FDR":["5.7e-05"]},{"gID":["GO:0052696"],"Edge":["GO:0009812","GO:0052695"],"Name":["flavonoid glucuronidation"],"Sig":["red"],"Link":["results/pathway/skcm/Project_node53_neg/Report_node53_neg.html#GO:0052696"],"gNum":["7"],"FDR":["5.7e-05"]},{"gID":["GO:0032787"],"Edge":["GO:0019752"],"Name":["monocarboxylic acid metabolic process"],"Sig":["red"],"Link":["results/pathway/skcm/Project_node53_neg/Report_node53_neg.html#GO:0032787"],"gNum":["21"],"FDR":["7.01e-05"]},{"gID":["GO:0009812"],"Edge":["GO:0071704"],"Name":["flavonoid metabolic process"],"Sig":["red"],"Link":["results/pathway/skcm/Project_node53_neg/Report_node53_neg.html#GO:0009812"],"gNum":["7"],"FDR":["1.83e-04"]},{"gID":["GO:0019752"],"Edge":["GO:0043436"],"Name":["carboxylic acid metabolic process"],"Sig":["red"],"Link":["results/pathway/skcm/Project_node53_neg/Report_node53_neg.html#GO:0019752"],"gNum":["24"],"FDR":["1.9e-04"]},{"gID":["GO:0009813"],"Edge":["GO:0009812","GO:1901576"],"Name":["flavonoid biosynthetic process"],"Sig":["red"],"Link":["results/pathway/skcm/Project_node53_neg/Report_node53_neg.html#GO:0009813"],"gNum":["6"],"FDR":["3.83e-04"]},{"gID":["GO:0043436"],"Edge":["GO:0006082"],"Name":["oxoacid metabolic process"],"Sig":["red"],"Link":["results/pathway/skcm/Project_node53_neg/Report_node53_neg.html#GO:0043436"],"gNum":["25"],"FDR":["3.83e-04"]},{"gID":["GO:0006082"],"Edge":["GO:0044237","GO:0044281","GO:0044763","GO:0071704"],"Name":["organic acid metabolic process"],"Sig":["red"],"Link":["results/pathway/skcm/Project_node53_neg/Report_node53_neg.html#GO:0006082"],"gNum":["25"],"FDR":["6.22e-04"]},{"gID":["GO:0006629"],"Edge":["GO:0044238","GO:0044710","GO:0071704"],"Name":["lipid metabolic process"],"Sig":["red"],"Link":["results/pathway/skcm/Project_node53_neg/Report_node53_neg.html#GO:0006629"],"gNum":["27"],"FDR":["2.4e-03"]},{"gID":["GO:0008202"],"Edge":["GO:0006629","GO:1901360"],"Name":["steroid metabolic process"],"Sig":["red"],"Link":["results/pathway/skcm/Project_node53_neg/Report_node53_neg.html#GO:0008202"],"gNum":["13"],"FDR":["3.48e-03"]},{"gID":["GO:0052697"],"Edge":["GO:0006805","GO:0052695"],"Name":["xenobiotic glucuronidation"],"Sig":["red"],"Link":["results/pathway/skcm/Project_node53_neg/Report_node53_neg.html#GO:0052697"],"gNum":["4"],"FDR":["5.49e-03"]},{"gID":["GO:0019373"],"Edge":["GO:0019369"],"Name":["epoxygenase P450 pathway"],"Sig":["red"],"Link":["results/pathway/skcm/Project_node53_neg/Report_node53_neg.html#GO:0019373"],"gNum":["5"],"FDR":["9.69e-03"]},{"gID":["GO:0042221"],"Edge":["GO:0050896"],"Name":["response to chemical"],"Sig":["white"],"Link":[""],"gNum":[""],"FDR":[""]},{"gID":["GO:0044237"],"Edge":["GO:0008152","GO:0009987"],"Name":["cellular metabolic process"],"Sig":["white"],"Link":[""],"gNum":[""],"FDR":[""]},{"gID":["GO:0009410"],"Edge":["GO:0042221"],"Name":["response to xenobiotic stimulus"],"Sig":["red"],"Link":["results/pathway/skcm/Project_node53_neg/Report_node53_neg.html#GO:0009410"],"gNum":["13"],"FDR":["3.55e-05"]},{"gID":["GO:0070887"],"Edge":["GO:0042221","GO:0051716"],"Name":["cellular response to chemical stimulus"],"Sig":["white"],"Link":[""],"gNum":[""],"FDR":[""]},{"gID":["GO:0005996"],"Edge":["GO:0044281","GO:0044723"],"Name":["monosaccharide metabolic process"],"Sig":["white"],"Link":[""],"gNum":[""],"FDR":[""]},{"gID":["GO:0006063"],"Edge":["GO:0005996","GO:0032787"],"Name":["uronic acid metabolic process"],"Sig":["red"],"Link":["results/pathway/skcm/Project_node53_neg/Report_node53_neg.html#GO:0006063"],"gNum":["7"],"FDR":["5.7e-05"]},{"gID":["GO:0019585"],"Edge":["GO:0006063"],"Name":["glucuronate metabolic process"],"Sig":["red"],"Link":["results/pathway/skcm/Project_node53_neg/Report_node53_neg.html#GO:0019585"],"gNum":["7"],"FDR":["5.7e-05"]},{"gID":["GO:0052695"],"Edge":["GO:0019585"],"Name":["cellular glucuronidation"],"Sig":["red"],"Link":["results/pathway/skcm/Project_node53_neg/Report_node53_neg.html#GO:0052695"],"gNum":["7"],"FDR":["5.7e-05"]},{"gID":["GO:0071704"],"Edge":["GO:0008152"],"Name":["organic substance metabolic process"],"Sig":["white"],"Link":[""],"gNum":[""],"FDR":[""]},{"gID":["GO:0009812"],"Edge":["GO:0071704"],"Name":["flavonoid metabolic process"],"Sig":["red"],"Link":["results/pathway/skcm/Project_node53_neg/Report_node53_neg.html#GO:0009812"],"gNum":["7"],"FDR":["1.83e-04"]},{"gID":["GO:1901576"],"Edge":["GO:0009058","GO:0071704"],"Name":["organic substance biosynthetic process"],"Sig":["white"],"Link":[""],"gNum":[""],"FDR":[""]},{"gID":["GO:0044281"],"Edge":["GO:0044710"],"Name":["small molecule metabolic process"],"Sig":["white"],"Link":[""],"gNum":[""],"FDR":[""]},{"gID":["GO:0044763"],"Edge":["GO:0009987","GO:0044699"],"Name":["single-organism cellular process"],"Sig":["white"],"Link":[""],"gNum":[""],"FDR":[""]},{"gID":["GO:0044238"],"Edge":["GO:0008152"],"Name":["primary metabolic process"],"Sig":["white"],"Link":[""],"gNum":[""],"FDR":[""]},{"gID":["GO:0044710"],"Edge":["GO:0008152","GO:0044699"],"Name":["single-organism metabolic process"],"Sig":["white"],"Link":[""],"gNum":[""],"FDR":[""]},{"gID":["GO:0006629"],"Edge":["GO:0044238","GO:0044710","GO:0071704"],"Name":["lipid metabolic process"],"Sig":["red"],"Link":["results/pathway/skcm/Project_node53_neg/Report_node53_neg.html#GO:0006629"],"gNum":["27"],"FDR":["2.4e-03"]},{"gID":["GO:1901360"],"Edge":["GO:0071704"],"Name":["organic cyclic compound metabolic process"],"Sig":["white"],"Link":[""],"gNum":[""],"FDR":[""]},{"gID":["GO:0006805"],"Edge":["GO:0044237","GO:0071466"],"Name":["xenobiotic metabolic process"],"Sig":["red"],"Link":["results/pathway/skcm/Project_node53_neg/Report_node53_neg.html#GO:0006805"],"gNum":["12"],"FDR":["5.7e-05"]},{"gID":["GO:0019369"],"Edge":["GO:0001676","GO:0006690","GO:0033559"],"Name":["arachidonic acid metabolic process"],"Sig":["white"],"Link":[""],"gNum":[""],"FDR":[""]},{"gID":["GO:0050896"],"Edge":["GO:0008150"],"Name":["response to stimulus"],"Sig":["white"],"Link":[""],"gNum":[""],"FDR":[""]},{"gID":["GO:0008152"],"Edge":["GO:0008150"],"Name":["metabolic process"],"Sig":["white"],"Link":[""],"gNum":[""],"FDR":[""]},{"gID":["GO:0009987"],"Edge":["GO:0008150"],"Name":["cellular process"],"Sig":["white"],"Link":[""],"gNum":[""],"FDR":[""]},{"gID":["GO:0042221"],"Edge":["GO:0050896"],"Name":["response to chemical"],"Sig":["white"],"Link":[""],"gNum":[""],"FDR":[""]},{"gID":["GO:0051716"],"Edge":["GO:0009987","GO:0050896"],"Name":["cellular response to stimulus"],"Sig":["white"],"Link":[""],"gNum":[""],"FDR":[""]},{"gID":["GO:0044723"],"Edge":["GO:0005975","GO:0044710"],"Name":["single-organism carbohydrate metabolic process"],"Sig":["white"],"Link":[""],"gNum":[""],"FDR":[""]},{"gID":["GO:0005996"],"Edge":["GO:0044281","GO:0044723"],"Name":["monosaccharide metabolic process"],"Sig":["white"],"Link":[""],"gNum":[""],"FDR":[""]},{"gID":["GO:0032787"],"Edge":["GO:0019752"],"Name":["monocarboxylic acid metabolic process"],"Sig":["red"],"Link":["results/pathway/skcm/Project_node53_neg/Report_node53_neg.html#GO:0032787"],"gNum":["21"],"FDR":["7.01e-05"]},{"gID":["GO:0006063"],"Edge":["GO:0005996","GO:0032787"],"Name":["uronic acid metabolic process"],"Sig":["red"],"Link":["results/pathway/skcm/Project_node53_neg/Report_node53_neg.html#GO:0006063"],"gNum":["7"],"FDR":["5.7e-05"]},{"gID":["GO:0019585"],"Edge":["GO:0006063"],"Name":["glucuronate metabolic process"],"Sig":["red"],"Link":["results/pathway/skcm/Project_node53_neg/Report_node53_neg.html#GO:0019585"],"gNum":["7"],"FDR":["5.7e-05"]},{"gID":["GO:0071704"],"Edge":["GO:0008152"],"Name":["organic substance metabolic process"],"Sig":["white"],"Link":[""],"gNum":[""],"FDR":[""]},{"gID":["GO:0009058"],"Edge":["GO:0008152"],"Name":["biosynthetic process"],"Sig":["white"],"Link":[""],"gNum":[""],"FDR":[""]},{"gID":["GO:0044699"],"Edge":["GO:0008150"],"Name":["single-organism process"],"Sig":["white"],"Link":[""],"gNum":[""],"FDR":[""]},{"gID":["GO:0044238"],"Edge":["GO:0008152"],"Name":["primary metabolic process"],"Sig":["white"],"Link":[""],"gNum":[""],"FDR":[""]},{"gID":["GO:0044710"],"Edge":["GO:0008152","GO:0044699"],"Name":["single-organism metabolic process"],"Sig":["white"],"Link":[""],"gNum":[""],"FDR":[""]},{"gID":["GO:0044237"],"Edge":["GO:0008152","GO:0009987"],"Name":["cellular metabolic process"],"Sig":["white"],"Link":[""],"gNum":[""],"FDR":[""]},{"gID":["GO:0071466"],"Edge":["GO:0009410","GO:0070887"],"Name":["cellular response to xenobiotic stimulus"],"Sig":["red"],"Link":["results/pathway/skcm/Project_node53_neg/Report_node53_neg.html#GO:0071466"],"gNum":["12"],"FDR":["5.7e-05"]},{"gID":["GO:0001676"],"Edge":["GO:0006631"],"Name":["long-chain fatty acid metabolic process"],"Sig":["white"],"Link":[""],"gNum":[""],"FDR":[""]},{"gID":["GO:0006690"],"Edge":["GO:0019752","GO:1901568"],"Name":["icosanoid metabolic process"],"Sig":["white"],"Link":[""],"gNum":[""],"FDR":[""]},{"gID":["GO:0033559"],"Edge":["GO:0006631"],"Name":["unsaturated fatty acid metabolic process"],"Sig":["white"],"Link":[""],"gNum":[""],"FDR":[""]},{"gID":["GO:0008150"],"Edge":["NA",""],"Name":["biological_process"],"Sig":["white"],"Link":[""],"gNum":[""],"FDR":[""]},{"gID":["GO:0050896"],"Edge":["GO:0008150"],"Name":["response to stimulus"],"Sig":["white"],"Link":[""],"gNum":[""],"FDR":[""]},{"gID":["GO:0009987"],"Edge":["GO:0008150"],"Name":["cellular process"],"Sig":["white"],"Link":[""],"gNum":[""],"FDR":[""]},{"gID":["GO:0005975"],"Edge":["GO:0044238","GO:0071704"],"Name":["carbohydrate metabolic process"],"Sig":["white"],"Link":[""],"gNum":[""],"FDR":[""]},{"gID":["GO:0044281"],"Edge":["GO:0044710"],"Name":["small molecule metabolic process"],"Sig":["white"],"Link":[""],"gNum":[""],"FDR":[""]},{"gID":["GO:0044723"],"Edge":["GO:0005975","GO:0044710"],"Name":["single-organism carbohydrate metabolic process"],"Sig":["white"],"Link":[""],"gNum":[""],"FDR":[""]},{"gID":["GO:0019752"],"Edge":["GO:0043436"],"Name":["carboxylic acid metabolic process"],"Sig":["red"],"Link":["results/pathway/skcm/Project_node53_neg/Report_node53_neg.html#GO:0019752"],"gNum":["24"],"FDR":["1.9e-04"]},{"gID":["GO:0005996"],"Edge":["GO:0044281","GO:0044723"],"Name":["monosaccharide metabolic process"],"Sig":["white"],"Link":[""],"gNum":[""],"FDR":[""]},{"gID":["GO:0032787"],"Edge":["GO:0019752"],"Name":["monocarboxylic acid metabolic process"],"Sig":["red"],"Link":["results/pathway/skcm/Project_node53_neg/Report_node53_neg.html#GO:0032787"],"gNum":["21"],"FDR":["7.01e-05"]},{"gID":["GO:0006063"],"Edge":["GO:0005996","GO:0032787"],"Name":["uronic acid metabolic process"],"Sig":["red"],"Link":["results/pathway/skcm/Project_node53_neg/Report_node53_neg.html#GO:0006063"],"gNum":["7"],"FDR":["5.7e-05"]},{"gID":["GO:0008152"],"Edge":["GO:0008150"],"Name":["metabolic process"],"Sig":["white"],"Link":[""],"gNum":[""],"FDR":[""]},{"gID":["GO:0044699"],"Edge":["GO:0008150"],"Name":["single-organism process"],"Sig":["white"],"Link":[""],"gNum":[""],"FDR":[""]},{"gID":["GO:0009410"],"Edge":["GO:0042221"],"Name":["response to xenobiotic stimulus"],"Sig":["red"],"Link":["results/pathway/skcm/Project_node53_neg/Report_node53_neg.html#GO:0009410"],"gNum":["13"],"FDR":["3.55e-05"]},{"gID":["GO:0070887"],"Edge":["GO:0042221","GO:0051716"],"Name":["cellular response to chemical stimulus"],"Sig":["white"],"Link":[""],"gNum":[""],"FDR":[""]},{"gID":["GO:0006631"],"Edge":["GO:0032787","GO:0044255"],"Name":["fatty acid metabolic process"],"Sig":["white"],"Link":[""],"gNum":[""],"FDR":[""]},{"gID":["GO:1901568"],"Edge":["GO:0044710","GO:0071704"],"Name":["fatty acid derivative metabolic process"],"Sig":["white"],"Link":[""],"gNum":[""],"FDR":[""]},{"gID":["GO:0008150"],"Edge":["NA",""],"Name":["biological_process"],"Sig":["white"],"Link":[""],"gNum":[""],"FDR":[""]},{"gID":["GO:0044238"],"Edge":["GO:0008152"],"Name":["primary metabolic process"],"Sig":["white"],"Link":[""],"gNum":[""],"FDR":[""]},{"gID":["GO:0071704"],"Edge":["GO:0008152"],"Name":["organic substance metabolic process"],"Sig":["white"],"Link":[""],"gNum":[""],"FDR":[""]},{"gID":["GO:0044710"],"Edge":["GO:0008152","GO:0044699"],"Name":["single-organism metabolic process"],"Sig":["white"],"Link":[""],"gNum":[""],"FDR":[""]},{"gID":["GO:0005975"],"Edge":["GO:0044238","GO:0071704"],"Name":["carbohydrate metabolic process"],"Sig":["white"],"Link":[""],"gNum":[""],"FDR":[""]},{"gID":["GO:0043436"],"Edge":["GO:0006082"],"Name":["oxoacid metabolic process"],"Sig":["red"],"Link":["results/pathway/skcm/Project_node53_neg/Report_node53_neg.html#GO:0043436"],"gNum":["25"],"FDR":["3.83e-04"]},{"gID":["GO:0044281"],"Edge":["GO:0044710"],"Name":["small molecule metabolic process"],"Sig":["white"],"Link":[""],"gNum":[""],"FDR":[""]},{"gID":["GO:0044723"],"Edge":["GO:0005975","GO:0044710"],"Name":["single-organism carbohydrate metabolic process"],"Sig":["white"],"Link":[""],"gNum":[""],"FDR":[""]},{"gID":["GO:0019752"],"Edge":["GO:0043436"],"Name":["carboxylic acid metabolic process"],"Sig":["red"],"Link":["results/pathway/skcm/Project_node53_neg/Report_node53_neg.html#GO:0019752"],"gNum":["24"],"FDR":["1.9e-04"]},{"gID":["GO:0005996"],"Edge":["GO:0044281","GO:0044723"],"Name":["monosaccharide metabolic process"],"Sig":["white"],"Link":[""],"gNum":[""],"FDR":[""]},{"gID":["GO:0032787"],"Edge":["GO:0019752"],"Name":["monocarboxylic acid metabolic process"],"Sig":["red"],"Link":["results/pathway/skcm/Project_node53_neg/Report_node53_neg.html#GO:0032787"],"gNum":["21"],"FDR":["7.01e-05"]},{"gID":["GO:0042221"],"Edge":["GO:0050896"],"Name":["response to chemical"],"Sig":["white"],"Link":[""],"gNum":[""],"FDR":[""]},{"gID":["GO:0051716"],"Edge":["GO:0009987","GO:0050896"],"Name":["cellular response to stimulus"],"Sig":["white"],"Link":[""],"gNum":[""],"FDR":[""]},{"gID":["GO:0044255"],"Edge":["GO:0006629","GO:0044237","GO:0044763"],"Name":["cellular lipid metabolic process"],"Sig":["white"],"Link":[""],"gNum":[""],"FDR":[""]},{"gID":["GO:0008152"],"Edge":["GO:0008150"],"Name":["metabolic process"],"Sig":["white"],"Link":[""],"gNum":[""],"FDR":[""]},{"gID":["GO:0044699"],"Edge":["GO:0008150"],"Name":["single-organism process"],"Sig":["white"],"Link":[""],"gNum":[""],"FDR":[""]},{"gID":["GO:0044238"],"Edge":["GO:0008152"],"Name":["primary metabolic process"],"Sig":["white"],"Link":[""],"gNum":[""],"FDR":[""]},{"gID":["GO:0071704"],"Edge":["GO:0008152"],"Name":["organic substance metabolic process"],"Sig":["white"],"Link":[""],"gNum":[""],"FDR":[""]},{"gID":["GO:0006082"],"Edge":["GO:0044237","GO:0044281","GO:0044763","GO:0071704"],"Name":["organic acid metabolic process"],"Sig":["red"],"Link":["results/pathway/skcm/Project_node53_neg/Report_node53_neg.html#GO:0006082"],"gNum":["25"],"FDR":["6.22e-04"]},{"gID":["GO:0044710"],"Edge":["GO:0008152","GO:0044699"],"Name":["single-organism metabolic process"],"Sig":["white"],"Link":[""],"gNum":[""],"FDR":[""]},{"gID":["GO:0005975"],"Edge":["GO:0044238","GO:0071704"],"Name":["carbohydrate metabolic process"],"Sig":["white"],"Link":[""],"gNum":[""],"FDR":[""]},{"gID":["GO:0043436"],"Edge":["GO:0006082"],"Name":["oxoacid metabolic process"],"Sig":["red"],"Link":["results/pathway/skcm/Project_node53_neg/Report_node53_neg.html#GO:0043436"],"gNum":["25"],"FDR":["3.83e-04"]},{"gID":["GO:0044281"],"Edge":["GO:0044710"],"Name":["small molecule metabolic process"],"Sig":["white"],"Link":[""],"gNum":[""],"FDR":[""]},{"gID":["GO:0044723"],"Edge":["GO:0005975","GO:0044710"],"Name":["single-organism carbohydrate metabolic process"],"Sig":["white"],"Link":[""],"gNum":[""],"FDR":[""]},{"gID":["GO:0019752"],"Edge":["GO:0043436"],"Name":["carboxylic acid metabolic process"],"Sig":["red"],"Link":["results/pathway/skcm/Project_node53_neg/Report_node53_neg.html#GO:0019752"],"gNum":["24"],"FDR":["1.9e-04"]},{"gID":["GO:0050896"],"Edge":["GO:0008150"],"Name":["response to stimulus"],"Sig":["white"],"Link":[""],"gNum":[""],"FDR":[""]},{"gID":["GO:0009987"],"Edge":["GO:0008150"],"Name":["cellular process"],"Sig":["white"],"Link":[""],"gNum":[""],"FDR":[""]},{"gID":["GO:0006629"],"Edge":["GO:0044238","GO:0044710","GO:0071704"],"Name":["lipid metabolic process"],"Sig":["red"],"Link":["results/pathway/skcm/Project_node53_neg/Report_node53_neg.html#GO:0006629"],"gNum":["27"],"FDR":["2.4e-03"]},{"gID":["GO:0044237"],"Edge":["GO:0008152","GO:0009987"],"Name":["cellular metabolic process"],"Sig":["white"],"Link":[""],"gNum":[""],"FDR":[""]},{"gID":["GO:0044763"],"Edge":["GO:0009987","GO:0044699"],"Name":["single-organism cellular process"],"Sig":["white"],"Link":[""],"gNum":[""],"FDR":[""]},{"gID":["GO:0008150"],"Edge":["NA",""],"Name":["biological_process"],"Sig":["white"],"Link":[""],"gNum":[""],"FDR":[""]},{"gID":["GO:0008152"],"Edge":["GO:0008150"],"Name":["metabolic process"],"Sig":["white"],"Link":[""],"gNum":[""],"FDR":[""]},{"gID":["GO:0071704"],"Edge":["GO:0008152"],"Name":["organic substance metabolic process"],"Sig":["white"],"Link":[""],"gNum":[""],"FDR":[""]},{"gID":["GO:0044699"],"Edge":["GO:0008150"],"Name":["single-organism process"],"Sig":["white"],"Link":[""],"gNum":[""],"FDR":[""]},{"gID":["GO:0044238"],"Edge":["GO:0008152"],"Name":["primary metabolic process"],"Sig":["white"],"Link":[""],"gNum":[""],"FDR":[""]},{"gID":["GO:0006082"],"Edge":["GO:0044237","GO:0044281","GO:0044763","GO:0071704"],"Name":["organic acid metabolic process"],"Sig":["red"],"Link":["results/pathway/skcm/Project_node53_neg/Report_node53_neg.html#GO:0006082"],"gNum":["25"],"FDR":["6.22e-04"]},{"gID":["GO:0044710"],"Edge":["GO:0008152","GO:0044699"],"Name":["single-organism metabolic process"],"Sig":["white"],"Link":[""],"gNum":[""],"FDR":[""]},{"gID":["GO:0005975"],"Edge":["GO:0044238","GO:0071704"],"Name":["carbohydrate metabolic process"],"Sig":["white"],"Link":[""],"gNum":[""],"FDR":[""]},{"gID":["GO:0043436"],"Edge":["GO:0006082"],"Name":["oxoacid metabolic process"],"Sig":["red"],"Link":["results/pathway/skcm/Project_node53_neg/Report_node53_neg.html#GO:0043436"],"gNum":["25"],"FDR":["3.83e-04"]},{"gID":["GO:0009987"],"Edge":["GO:0008150"],"Name":["cellular process"],"Sig":["white"],"Link":[""],"gNum":[""],"FDR":[""]},{"gID":["GO:0008150"],"Edge":["NA",""],"Name":["biological_process"],"Sig":["white"],"Link":[""],"gNum":[""],"FDR":[""]},{"gID":["GO:0008152"],"Edge":["GO:0008150"],"Name":["metabolic process"],"Sig":["white"],"Link":[""],"gNum":[""],"FDR":[""]},{"gID":["GO:0044237"],"Edge":["GO:0008152","GO:0009987"],"Name":["cellular metabolic process"],"Sig":["white"],"Link":[""],"gNum":[""],"FDR":[""]},{"gID":["GO:0044281"],"Edge":["GO:0044710"],"Name":["small molecule metabolic process"],"Sig":["white"],"Link":[""],"gNum":[""],"FDR":[""]},{"gID":["GO:0044763"],"Edge":["GO:0009987","GO:0044699"],"Name":["single-organism cellular process"],"Sig":["white"],"Link":[""],"gNum":[""],"FDR":[""]},{"gID":["GO:0071704"],"Edge":["GO:0008152"],"Name":["organic substance metabolic process"],"Sig":["white"],"Link":[""],"gNum":[""],"FDR":[""]},{"gID":["GO:0044699"],"Edge":["GO:0008150"],"Name":["single-organism process"],"Sig":["white"],"Link":[""],"gNum":[""],"FDR":[""]},{"gID":["GO:0044238"],"Edge":["GO:0008152"],"Name":["primary metabolic process"],"Sig":["white"],"Link":[""],"gNum":[""],"FDR":[""]},{"gID":["GO:0006082"],"Edge":["GO:0044237","GO:0044281","GO:0044763","GO:0071704"],"Name":["organic acid metabolic process"],"Sig":["red"],"Link":["results/pathway/skcm/Project_node53_neg/Report_node53_neg.html#GO:0006082"],"gNum":["25"],"FDR":["6.22e-04"]},{"gID":["GO:0008150"],"Edge":["NA",""],"Name":["biological_process"],"Sig":["white"],"Link":[""],"gNum":[""],"FDR":[""]},{"gID":["GO:0008152"],"Edge":["GO:0008150"],"Name":["metabolic process"],"Sig":["white"],"Link":[""],"gNum":[""],"FDR":[""]},{"gID":["GO:0009987"],"Edge":["GO:0008150"],"Name":["cellular process"],"Sig":["white"],"Link":[""],"gNum":[""],"FDR":[""]},{"gID":["GO:0044710"],"Edge":["GO:0008152","GO:0044699"],"Name":["single-organism metabolic process"],"Sig":["white"],"Link":[""],"gNum":[""],"FDR":[""]},{"gID":["GO:0044237"],"Edge":["GO:0008152","GO:0009987"],"Name":["cellular metabolic process"],"Sig":["white"],"Link":[""],"gNum":[""],"FDR":[""]},{"gID":["GO:0044281"],"Edge":["GO:0044710"],"Name":["small molecule metabolic process"],"Sig":["white"],"Link":[""],"gNum":[""],"FDR":[""]},{"gID":["GO:0044763"],"Edge":["GO:0009987","GO:0044699"],"Name":["single-organism cellular process"],"Sig":["white"],"Link":[""],"gNum":[""],"FDR":[""]},{"gID":["GO:0071704"],"Edge":["GO:0008152"],"Name":["organic substance metabolic process"],"Sig":["white"],"Link":[""],"gNum":[""],"FDR":[""]},{"gID":["GO:0008150"],"Edge":["NA",""],"Name":["biological_process"],"Sig":["white"],"Link":[""],"gNum":[""],"FDR":[""]},{"gID":["GO:0008152"],"Edge":["GO:0008150"],"Name":["metabolic process"],"Sig":["white"],"Link":[""],"gNum":[""],"FDR":[""]},{"gID":["GO:0044699"],"Edge":["GO:0008150"],"Name":["single-organism process"],"Sig":["white"],"Link":[""],"gNum":[""],"FDR":[""]},{"gID":["GO:0009987"],"Edge":["GO:0008150"],"Name":["cellular process"],"Sig":["white"],"Link":[""],"gNum":[""],"FDR":[""]},{"gID":["GO:0044710"],"Edge":["GO:0008152","GO:0044699"],"Name":["single-organism metabolic process"],"Sig":["white"],"Link":[""],"gNum":[""],"FDR":[""]},{"gID":["GO:0008150"],"Edge":["NA",""],"Name":["biological_process"],"Sig":["white"],"Link":[""],"gNum":[""],"FDR":[""]},{"gID":["GO:0008152"],"Edge":["GO:0008150"],"Name":["metabolic process"],"Sig":["white"],"Link":[""],"gNum":[""],"FDR":[""]},{"gID":["GO:0044699"],"Edge":["GO:0008150"],"Name":["single-organism process"],"Sig":["white"],"Link":[""],"gNum":[""],"FDR":[""]},{"gID":["GO:0008150"],"Edge":["NA",""],"Name":["biological_process"],"Sig":["white"],"Link":[""],"gNum":[""],"FDR":[""]}]}]
